ISO-10303-21;
HEADER;
/* Generated by software containing ST-Developer
 * from STEP Tools, Inc. (www.steptools.com) 
 */

FILE_DESCRIPTION(
/* description */ (''),
/* implementation_level */ '2;1');

FILE_NAME(
/* name */ 'EPD case.step',
/* time_stamp */ '2026-07-29T00:48:43+08:00',
/* author */ (''),
/* organization */ (''),
/* preprocessor_version */ 'ST-DEVELOPER v20.1',
/* originating_system */ 'Autodesk Translation Framework v15.8.0.0',
/* authorisation */ '');

FILE_SCHEMA (('AUTOMOTIVE_DESIGN { 1 0 10303 214 3 1 1 }'));
ENDSEC;

DATA;
#10=MECHANICAL_DESIGN_GEOMETRIC_PRESENTATION_REPRESENTATION('',(#28,#29,
#30),#3699);
#11=SHAPE_REPRESENTATION_RELATIONSHIP('SRR','None',#3706,#12);
#12=ADVANCED_BREP_SHAPE_REPRESENTATION('',(#31,#27,#32),#3698);
#13=ORIENTED_CLOSED_SHELL('',*,#2241,.F.);
#14=ORIENTED_CLOSED_SHELL('',*,#2242,.F.);
#15=ELLIPSE('',#2324,0.282842712474618,0.2);
#16=ELLIPSE('',#2325,0.282842712474618,0.2);
#17=ELLIPSE('',#2328,0.282842712474618,0.2);
#18=ELLIPSE('',#2330,0.282842712474618,0.2);
#19=ELLIPSE('',#2333,0.282842712474619,0.2);
#20=ELLIPSE('',#2334,0.282842712474619,0.2);
#21=ELLIPSE('',#2336,0.282842712474619,0.2);
#22=ELLIPSE('',#2339,0.282842712474619,0.2);
#23=ELLIPSE('',#2359,1.06066017177982,0.750000000000002);
#24=ELLIPSE('',#2360,1.06066017177982,0.750000000000002);
#25=ELLIPSE('',#2361,1.06066017177982,0.750000000000002);
#26=ELLIPSE('',#2362,1.06066017177982,0.750000000000002);
#27=BREP_WITH_VOIDS('Bottom Case',#2240,(#13,#14));
#28=STYLED_ITEM('',(#3715),#31);
#29=STYLED_ITEM('',(#3715),#27);
#30=STYLED_ITEM('',(#3715),#32);
#31=MANIFOLD_SOLID_BREP('Top Case',#2239);
#32=MANIFOLD_SOLID_BREP('stand',#2243);
#33=CIRCLE('',#2269,0.750000000000002);
#34=CIRCLE('',#2270,0.750000000000002);
#35=CIRCLE('',#2273,2.);
#36=CIRCLE('',#2275,0.75);
#37=CIRCLE('',#2276,0.75);
#38=CIRCLE('',#2285,2.);
#39=CIRCLE('',#2286,2.);
#40=CIRCLE('',#2287,2.);
#41=CIRCLE('',#2288,2.);
#42=CIRCLE('',#2296,2.);
#43=CIRCLE('',#2299,2.);
#44=CIRCLE('',#2302,2.);
#45=CIRCLE('',#2311,1.);
#46=CIRCLE('',#2312,1.);
#47=CIRCLE('',#2315,1.);
#48=CIRCLE('',#2316,1.);
#49=CIRCLE('',#2355,0.750000000000002);
#50=CIRCLE('',#2357,0.750000000000002);
#51=CIRCLE('',#2358,0.750000000000002);
#52=CIRCLE('',#2363,0.750000000000002);
#53=CIRCLE('',#2366,2.);
#54=CIRCLE('',#2367,2.);
#55=CIRCLE('',#2368,2.);
#56=CIRCLE('',#2370,0.75);
#57=CIRCLE('',#2371,0.75);
#58=CIRCLE('',#2372,0.75);
#59=CIRCLE('',#2373,0.75);
#60=CIRCLE('',#2374,0.75);
#61=CIRCLE('',#2376,0.75);
#62=CIRCLE('',#2387,2.00000000000001);
#63=CIRCLE('',#2388,2.);
#64=CIRCLE('',#2389,2.);
#65=CIRCLE('',#2390,2.00000000000001);
#66=CIRCLE('',#2394,2.);
#67=CIRCLE('',#2409,5.25);
#68=CIRCLE('',#2411,5.25);
#69=CIRCLE('',#2414,5.25);
#70=CIRCLE('',#2416,5.25);
#71=CIRCLE('',#2425,1.25);
#72=CIRCLE('',#2426,0.850000000000002);
#73=CIRCLE('',#2428,1.25);
#74=CIRCLE('',#2430,0.850000000000002);
#75=CIRCLE('',#2434,0.850000000000002);
#76=CIRCLE('',#2436,0.850000000000002);
#77=CYLINDRICAL_SURFACE('',#2268,0.750000000000002);
#78=CYLINDRICAL_SURFACE('',#2274,0.75);
#79=CYLINDRICAL_SURFACE('',#2295,2.);
#80=CYLINDRICAL_SURFACE('',#2298,2.);
#81=CYLINDRICAL_SURFACE('',#2301,2.);
#82=CYLINDRICAL_SURFACE('',#2304,2.);
#83=CYLINDRICAL_SURFACE('',#2310,1.);
#84=CYLINDRICAL_SURFACE('',#2314,1.);
#85=CYLINDRICAL_SURFACE('',#2323,0.2);
#86=CYLINDRICAL_SURFACE('',#2329,0.2);
#87=CYLINDRICAL_SURFACE('',#2332,0.2);
#88=CYLINDRICAL_SURFACE('',#2338,0.2);
#89=CYLINDRICAL_SURFACE('',#2356,0.750000000000002);
#90=CYLINDRICAL_SURFACE('',#2369,0.749999999999999);
#91=CYLINDRICAL_SURFACE('',#2375,0.75);
#92=CYLINDRICAL_SURFACE('',#2391,2.);
#93=CYLINDRICAL_SURFACE('',#2393,2.);
#94=CYLINDRICAL_SURFACE('',#2396,2.);
#95=CYLINDRICAL_SURFACE('',#2398,2.);
#96=CYLINDRICAL_SURFACE('',#2410,5.25);
#97=CYLINDRICAL_SURFACE('',#2415,5.25);
#98=CYLINDRICAL_SURFACE('',#2427,1.25);
#99=CYLINDRICAL_SURFACE('',#2433,0.850000000000002);
#100=CYLINDRICAL_SURFACE('',#2435,0.850000000000002);
#101=FACE_BOUND('',#248,.T.);
#102=FACE_BOUND('',#251,.T.);
#103=FACE_BOUND('',#262,.T.);
#104=FACE_BOUND('',#264,.T.);
#105=FACE_BOUND('',#280,.T.);
#106=FACE_BOUND('',#288,.T.);
#107=FACE_BOUND('',#291,.T.);
#108=FACE_BOUND('',#333,.T.);
#109=FACE_BOUND('',#363,.T.);
#110=FACE_BOUND('',#366,.T.);
#111=FACE_OUTER_BOUND('',#237,.T.);
#112=FACE_OUTER_BOUND('',#238,.T.);
#113=FACE_OUTER_BOUND('',#239,.T.);
#114=FACE_OUTER_BOUND('',#240,.T.);
#115=FACE_OUTER_BOUND('',#241,.T.);
#116=FACE_OUTER_BOUND('',#242,.T.);
#117=FACE_OUTER_BOUND('',#243,.T.);
#118=FACE_OUTER_BOUND('',#244,.T.);
#119=FACE_OUTER_BOUND('',#245,.T.);
#120=FACE_OUTER_BOUND('',#246,.T.);
#121=FACE_OUTER_BOUND('',#247,.T.);
#122=FACE_OUTER_BOUND('',#249,.T.);
#123=FACE_OUTER_BOUND('',#250,.T.);
#124=FACE_OUTER_BOUND('',#252,.T.);
#125=FACE_OUTER_BOUND('',#253,.T.);
#126=FACE_OUTER_BOUND('',#254,.T.);
#127=FACE_OUTER_BOUND('',#255,.T.);
#128=FACE_OUTER_BOUND('',#256,.T.);
#129=FACE_OUTER_BOUND('',#257,.T.);
#130=FACE_OUTER_BOUND('',#258,.T.);
#131=FACE_OUTER_BOUND('',#259,.T.);
#132=FACE_OUTER_BOUND('',#260,.T.);
#133=FACE_OUTER_BOUND('',#261,.T.);
#134=FACE_OUTER_BOUND('',#263,.T.);
#135=FACE_OUTER_BOUND('',#265,.T.);
#136=FACE_OUTER_BOUND('',#266,.T.);
#137=FACE_OUTER_BOUND('',#267,.T.);
#138=FACE_OUTER_BOUND('',#268,.T.);
#139=FACE_OUTER_BOUND('',#269,.T.);
#140=FACE_OUTER_BOUND('',#270,.T.);
#141=FACE_OUTER_BOUND('',#271,.T.);
#142=FACE_OUTER_BOUND('',#272,.T.);
#143=FACE_OUTER_BOUND('',#273,.T.);
#144=FACE_OUTER_BOUND('',#274,.T.);
#145=FACE_OUTER_BOUND('',#275,.T.);
#146=FACE_OUTER_BOUND('',#276,.T.);
#147=FACE_OUTER_BOUND('',#277,.T.);
#148=FACE_OUTER_BOUND('',#278,.T.);
#149=FACE_OUTER_BOUND('',#279,.T.);
#150=FACE_OUTER_BOUND('',#281,.T.);
#151=FACE_OUTER_BOUND('',#282,.T.);
#152=FACE_OUTER_BOUND('',#283,.T.);
#153=FACE_OUTER_BOUND('',#284,.T.);
#154=FACE_OUTER_BOUND('',#285,.T.);
#155=FACE_OUTER_BOUND('',#286,.T.);
#156=FACE_OUTER_BOUND('',#287,.T.);
#157=FACE_OUTER_BOUND('',#289,.T.);
#158=FACE_OUTER_BOUND('',#290,.T.);
#159=FACE_OUTER_BOUND('',#292,.T.);
#160=FACE_OUTER_BOUND('',#293,.T.);
#161=FACE_OUTER_BOUND('',#294,.T.);
#162=FACE_OUTER_BOUND('',#295,.T.);
#163=FACE_OUTER_BOUND('',#296,.T.);
#164=FACE_OUTER_BOUND('',#297,.T.);
#165=FACE_OUTER_BOUND('',#298,.T.);
#166=FACE_OUTER_BOUND('',#299,.T.);
#167=FACE_OUTER_BOUND('',#300,.T.);
#168=FACE_OUTER_BOUND('',#301,.T.);
#169=FACE_OUTER_BOUND('',#302,.T.);
#170=FACE_OUTER_BOUND('',#303,.T.);
#171=FACE_OUTER_BOUND('',#304,.T.);
#172=FACE_OUTER_BOUND('',#305,.T.);
#173=FACE_OUTER_BOUND('',#306,.T.);
#174=FACE_OUTER_BOUND('',#307,.T.);
#175=FACE_OUTER_BOUND('',#308,.T.);
#176=FACE_OUTER_BOUND('',#309,.T.);
#177=FACE_OUTER_BOUND('',#310,.T.);
#178=FACE_OUTER_BOUND('',#311,.T.);
#179=FACE_OUTER_BOUND('',#312,.T.);
#180=FACE_OUTER_BOUND('',#313,.T.);
#181=FACE_OUTER_BOUND('',#314,.T.);
#182=FACE_OUTER_BOUND('',#315,.T.);
#183=FACE_OUTER_BOUND('',#316,.T.);
#184=FACE_OUTER_BOUND('',#317,.T.);
#185=FACE_OUTER_BOUND('',#318,.T.);
#186=FACE_OUTER_BOUND('',#319,.T.);
#187=FACE_OUTER_BOUND('',#320,.T.);
#188=FACE_OUTER_BOUND('',#321,.T.);
#189=FACE_OUTER_BOUND('',#322,.T.);
#190=FACE_OUTER_BOUND('',#323,.T.);
#191=FACE_OUTER_BOUND('',#324,.T.);
#192=FACE_OUTER_BOUND('',#325,.T.);
#193=FACE_OUTER_BOUND('',#326,.T.);
#194=FACE_OUTER_BOUND('',#327,.T.);
#195=FACE_OUTER_BOUND('',#328,.T.);
#196=FACE_OUTER_BOUND('',#329,.T.);
#197=FACE_OUTER_BOUND('',#330,.T.);
#198=FACE_OUTER_BOUND('',#331,.T.);
#199=FACE_OUTER_BOUND('',#332,.T.);
#200=FACE_OUTER_BOUND('',#334,.T.);
#201=FACE_OUTER_BOUND('',#335,.T.);
#202=FACE_OUTER_BOUND('',#336,.T.);
#203=FACE_OUTER_BOUND('',#337,.T.);
#204=FACE_OUTER_BOUND('',#338,.T.);
#205=FACE_OUTER_BOUND('',#339,.T.);
#206=FACE_OUTER_BOUND('',#340,.T.);
#207=FACE_OUTER_BOUND('',#341,.T.);
#208=FACE_OUTER_BOUND('',#342,.T.);
#209=FACE_OUTER_BOUND('',#343,.T.);
#210=FACE_OUTER_BOUND('',#344,.T.);
#211=FACE_OUTER_BOUND('',#345,.T.);
#212=FACE_OUTER_BOUND('',#346,.T.);
#213=FACE_OUTER_BOUND('',#347,.T.);
#214=FACE_OUTER_BOUND('',#348,.T.);
#215=FACE_OUTER_BOUND('',#349,.T.);
#216=FACE_OUTER_BOUND('',#350,.T.);
#217=FACE_OUTER_BOUND('',#351,.T.);
#218=FACE_OUTER_BOUND('',#352,.T.);
#219=FACE_OUTER_BOUND('',#353,.T.);
#220=FACE_OUTER_BOUND('',#354,.T.);
#221=FACE_OUTER_BOUND('',#355,.T.);
#222=FACE_OUTER_BOUND('',#356,.T.);
#223=FACE_OUTER_BOUND('',#357,.T.);
#224=FACE_OUTER_BOUND('',#358,.T.);
#225=FACE_OUTER_BOUND('',#359,.T.);
#226=FACE_OUTER_BOUND('',#360,.T.);
#227=FACE_OUTER_BOUND('',#361,.T.);
#228=FACE_OUTER_BOUND('',#362,.T.);
#229=FACE_OUTER_BOUND('',#364,.T.);
#230=FACE_OUTER_BOUND('',#365,.T.);
#231=FACE_OUTER_BOUND('',#367,.T.);
#232=FACE_OUTER_BOUND('',#368,.T.);
#233=FACE_OUTER_BOUND('',#369,.T.);
#234=FACE_OUTER_BOUND('',#370,.T.);
#235=FACE_OUTER_BOUND('',#371,.T.);
#236=FACE_OUTER_BOUND('',#372,.T.);
#237=EDGE_LOOP('',(#1391,#1392,#1393,#1394));
#238=EDGE_LOOP('',(#1395,#1396,#1397,#1398));
#239=EDGE_LOOP('',(#1399,#1400,#1401,#1402));
#240=EDGE_LOOP('',(#1403,#1404,#1405,#1406));
#241=EDGE_LOOP('',(#1407,#1408,#1409,#1410));
#242=EDGE_LOOP('',(#1411,#1412,#1413,#1414));
#243=EDGE_LOOP('',(#1415,#1416,#1417,#1418));
#244=EDGE_LOOP('',(#1419,#1420,#1421,#1422));
#245=EDGE_LOOP('',(#1423,#1424,#1425,#1426));
#246=EDGE_LOOP('',(#1427,#1428,#1429,#1430));
#247=EDGE_LOOP('',(#1431,#1432,#1433,#1434));
#248=EDGE_LOOP('',(#1435,#1436,#1437,#1438));
#249=EDGE_LOOP('',(#1439,#1440,#1441,#1442));
#250=EDGE_LOOP('',(#1443,#1444,#1445,#1446,#1447,#1448));
#251=EDGE_LOOP('',(#1449,#1450,#1451,#1452));
#252=EDGE_LOOP('',(#1453,#1454,#1455,#1456,#1457,#1458,#1459));
#253=EDGE_LOOP('',(#1460,#1461,#1462,#1463));
#254=EDGE_LOOP('',(#1464,#1465,#1466,#1467,#1468,#1469));
#255=EDGE_LOOP('',(#1470,#1471,#1472,#1473));
#256=EDGE_LOOP('',(#1474,#1475,#1476,#1477));
#257=EDGE_LOOP('',(#1478,#1479,#1480,#1481));
#258=EDGE_LOOP('',(#1482,#1483,#1484,#1485));
#259=EDGE_LOOP('',(#1486,#1487,#1488,#1489));
#260=EDGE_LOOP('',(#1490,#1491,#1492,#1493));
#261=EDGE_LOOP('',(#1494,#1495,#1496,#1497,#1498,#1499,#1500,#1501));
#262=EDGE_LOOP('',(#1502,#1503,#1504,#1505));
#263=EDGE_LOOP('',(#1506,#1507,#1508,#1509));
#264=EDGE_LOOP('',(#1510,#1511,#1512,#1513));
#265=EDGE_LOOP('',(#1514,#1515,#1516,#1517));
#266=EDGE_LOOP('',(#1518,#1519,#1520,#1521));
#267=EDGE_LOOP('',(#1522,#1523,#1524,#1525));
#268=EDGE_LOOP('',(#1526,#1527,#1528,#1529));
#269=EDGE_LOOP('',(#1530,#1531,#1532,#1533));
#270=EDGE_LOOP('',(#1534,#1535,#1536,#1537));
#271=EDGE_LOOP('',(#1538,#1539,#1540,#1541));
#272=EDGE_LOOP('',(#1542,#1543,#1544,#1545));
#273=EDGE_LOOP('',(#1546,#1547,#1548,#1549,#1550,#1551));
#274=EDGE_LOOP('',(#1552,#1553,#1554,#1555));
#275=EDGE_LOOP('',(#1556,#1557,#1558,#1559));
#276=EDGE_LOOP('',(#1560,#1561,#1562,#1563));
#277=EDGE_LOOP('',(#1564,#1565,#1566,#1567));
#278=EDGE_LOOP('',(#1568,#1569,#1570,#1571));
#279=EDGE_LOOP('',(#1572,#1573,#1574,#1575));
#280=EDGE_LOOP('',(#1576,#1577,#1578,#1579));
#281=EDGE_LOOP('',(#1580,#1581,#1582,#1583,#1584,#1585));
#282=EDGE_LOOP('',(#1586,#1587,#1588,#1589,#1590,#1591,#1592,#1593,#1594,
#1595,#1596,#1597,#1598));
#283=EDGE_LOOP('',(#1599,#1600,#1601,#1602));
#284=EDGE_LOOP('',(#1603));
#285=EDGE_LOOP('',(#1604,#1605,#1606,#1607));
#286=EDGE_LOOP('',(#1608));
#287=EDGE_LOOP('',(#1609,#1610,#1611,#1612));
#288=EDGE_LOOP('',(#1613));
#289=EDGE_LOOP('',(#1614,#1615,#1616,#1617));
#290=EDGE_LOOP('',(#1618,#1619,#1620,#1621));
#291=EDGE_LOOP('',(#1622));
#292=EDGE_LOOP('',(#1623,#1624,#1625,#1626));
#293=EDGE_LOOP('',(#1627,#1628,#1629,#1630));
#294=EDGE_LOOP('',(#1631,#1632,#1633,#1634));
#295=EDGE_LOOP('',(#1635,#1636,#1637,#1638));
#296=EDGE_LOOP('',(#1639,#1640,#1641,#1642,#1643,#1644));
#297=EDGE_LOOP('',(#1645,#1646,#1647,#1648));
#298=EDGE_LOOP('',(#1649,#1650,#1651,#1652));
#299=EDGE_LOOP('',(#1653,#1654,#1655,#1656));
#300=EDGE_LOOP('',(#1657,#1658,#1659,#1660,#1661,#1662));
#301=EDGE_LOOP('',(#1663,#1664,#1665,#1666));
#302=EDGE_LOOP('',(#1667,#1668,#1669,#1670));
#303=EDGE_LOOP('',(#1671,#1672,#1673,#1674,#1675,#1676));
#304=EDGE_LOOP('',(#1677,#1678,#1679,#1680,#1681,#1682));
#305=EDGE_LOOP('',(#1683,#1684,#1685,#1686));
#306=EDGE_LOOP('',(#1687,#1688,#1689,#1690,#1691,#1692));
#307=EDGE_LOOP('',(#1693,#1694,#1695,#1696));
#308=EDGE_LOOP('',(#1697,#1698,#1699,#1700,#1701,#1702));
#309=EDGE_LOOP('',(#1703,#1704,#1705,#1706));
#310=EDGE_LOOP('',(#1707,#1708,#1709,#1710));
#311=EDGE_LOOP('',(#1711,#1712,#1713,#1714));
#312=EDGE_LOOP('',(#1715,#1716,#1717,#1718));
#313=EDGE_LOOP('',(#1719,#1720,#1721,#1722));
#314=EDGE_LOOP('',(#1723,#1724,#1725,#1726,#1727,#1728));
#315=EDGE_LOOP('',(#1729,#1730,#1731,#1732,#1733,#1734));
#316=EDGE_LOOP('',(#1735,#1736,#1737,#1738,#1739,#1740));
#317=EDGE_LOOP('',(#1741,#1742,#1743,#1744,#1745));
#318=EDGE_LOOP('',(#1746,#1747,#1748,#1749,#1750,#1751,#1752,#1753,#1754,
#1755,#1756,#1757,#1758,#1759,#1760));
#319=EDGE_LOOP('',(#1761,#1762,#1763,#1764));
#320=EDGE_LOOP('',(#1765,#1766,#1767,#1768,#1769,#1770,#1771,#1772,#1773,
#1774,#1775,#1776,#1777));
#321=EDGE_LOOP('',(#1778,#1779,#1780,#1781,#1782,#1783,#1784,#1785,#1786,
#1787,#1788,#1789,#1790,#1791));
#322=EDGE_LOOP('',(#1792,#1793,#1794));
#323=EDGE_LOOP('',(#1795,#1796,#1797,#1798,#1799,#1800,#1801,#1802));
#324=EDGE_LOOP('',(#1803,#1804,#1805,#1806));
#325=EDGE_LOOP('',(#1807,#1808,#1809));
#326=EDGE_LOOP('',(#1810,#1811,#1812,#1813));
#327=EDGE_LOOP('',(#1814,#1815,#1816,#1817));
#328=EDGE_LOOP('',(#1818,#1819,#1820,#1821,#1822,#1823));
#329=EDGE_LOOP('',(#1824,#1825,#1826,#1827,#1828,#1829,#1830));
#330=EDGE_LOOP('',(#1831,#1832,#1833,#1834,#1835));
#331=EDGE_LOOP('',(#1836,#1837));
#332=EDGE_LOOP('',(#1838,#1839,#1840,#1841,#1842,#1843,#1844,#1845));
#333=EDGE_LOOP('',(#1846,#1847,#1848,#1849));
#334=EDGE_LOOP('',(#1850,#1851,#1852,#1853));
#335=EDGE_LOOP('',(#1854,#1855,#1856,#1857,#1858,#1859));
#336=EDGE_LOOP('',(#1860,#1861,#1862,#1863));
#337=EDGE_LOOP('',(#1864,#1865,#1866,#1867,#1868,#1869));
#338=EDGE_LOOP('',(#1870,#1871,#1872,#1873));
#339=EDGE_LOOP('',(#1874,#1875,#1876,#1877));
#340=EDGE_LOOP('',(#1878,#1879,#1880,#1881));
#341=EDGE_LOOP('',(#1882,#1883,#1884,#1885));
#342=EDGE_LOOP('',(#1886,#1887,#1888,#1889,#1890,#1891,#1892));
#343=EDGE_LOOP('',(#1893,#1894,#1895,#1896,#1897,#1898,#1899,#1900));
#344=EDGE_LOOP('',(#1901,#1902,#1903,#1904));
#345=EDGE_LOOP('',(#1905,#1906,#1907,#1908));
#346=EDGE_LOOP('',(#1909,#1910,#1911,#1912));
#347=EDGE_LOOP('',(#1913,#1914,#1915,#1916,#1917));
#348=EDGE_LOOP('',(#1918,#1919,#1920,#1921,#1922));
#349=EDGE_LOOP('',(#1923,#1924,#1925,#1926,#1927,#1928,#1929,#1930,#1931,
#1932));
#350=EDGE_LOOP('',(#1933));
#351=EDGE_LOOP('',(#1934,#1935,#1936,#1937));
#352=EDGE_LOOP('',(#1938));
#353=EDGE_LOOP('',(#1939));
#354=EDGE_LOOP('',(#1940,#1941,#1942,#1943));
#355=EDGE_LOOP('',(#1944));
#356=EDGE_LOOP('',(#1945,#1946,#1947,#1948));
#357=EDGE_LOOP('',(#1949,#1950,#1951,#1952));
#358=EDGE_LOOP('',(#1953,#1954,#1955,#1956));
#359=EDGE_LOOP('',(#1957,#1958,#1959,#1960,#1961,#1962,#1963,#1964));
#360=EDGE_LOOP('',(#1965,#1966,#1967,#1968));
#361=EDGE_LOOP('',(#1969,#1970,#1971,#1972));
#362=EDGE_LOOP('',(#1973,#1974,#1975,#1976,#1977));
#363=EDGE_LOOP('',(#1978));
#364=EDGE_LOOP('',(#1979,#1980,#1981,#1982));
#365=EDGE_LOOP('',(#1983,#1984,#1985,#1986,#1987));
#366=EDGE_LOOP('',(#1988));
#367=EDGE_LOOP('',(#1989,#1990,#1991,#1992));
#368=EDGE_LOOP('',(#1993,#1994,#1995,#1996,#1997,#1998,#1999,#2000));
#369=EDGE_LOOP('',(#2001,#2002,#2003,#2004));
#370=EDGE_LOOP('',(#2005,#2006,#2007,#2008));
#371=EDGE_LOOP('',(#2009));
#372=EDGE_LOOP('',(#2010));
#373=LINE('',#3063,#627);
#374=LINE('',#3065,#628);
#375=LINE('',#3067,#629);
#376=LINE('',#3068,#630);
#377=LINE('',#3072,#631);
#378=LINE('',#3074,#632);
#379=LINE('',#3076,#633);
#380=LINE('',#3077,#634);
#381=LINE('',#3080,#635);
#382=LINE('',#3082,#636);
#383=LINE('',#3083,#637);
#384=LINE('',#3086,#638);
#385=LINE('',#3088,#639);
#386=LINE('',#3089,#640);
#387=LINE('',#3092,#641);
#388=LINE('',#3094,#642);
#389=LINE('',#3095,#643);
#390=LINE('',#3098,#644);
#391=LINE('',#3100,#645);
#392=LINE('',#3101,#646);
#393=LINE('',#3103,#647);
#394=LINE('',#3105,#648);
#395=LINE('',#3106,#649);
#396=LINE('',#3109,#650);
#397=LINE('',#3113,#651);
#398=LINE('',#3115,#652);
#399=LINE('',#3117,#653);
#400=LINE('',#3118,#654);
#401=LINE('',#3121,#655);
#402=LINE('',#3123,#656);
#403=LINE('',#3125,#657);
#404=LINE('',#3126,#658);
#405=LINE('',#3130,#659);
#406=LINE('',#3134,#660);
#407=LINE('',#3138,#661);
#408=LINE('',#3139,#662);
#409=LINE('',#3141,#663);
#410=LINE('',#3142,#664);
#411=LINE('',#3145,#665);
#412=LINE('',#3149,#666);
#413=LINE('',#3151,#667);
#414=LINE('',#3152,#668);
#415=LINE('',#3157,#669);
#416=LINE('',#3161,#670);
#417=LINE('',#3162,#671);
#418=LINE('',#3166,#672);
#419=LINE('',#3168,#673);
#420=LINE('',#3170,#674);
#421=LINE('',#3171,#675);
#422=LINE('',#3174,#676);
#423=LINE('',#3176,#677);
#424=LINE('',#3177,#678);
#425=LINE('',#3180,#679);
#426=LINE('',#3182,#680);
#427=LINE('',#3183,#681);
#428=LINE('',#3185,#682);
#429=LINE('',#3186,#683);
#430=LINE('',#3189,#684);
#431=LINE('',#3191,#685);
#432=LINE('',#3192,#686);
#433=LINE('',#3195,#687);
#434=LINE('',#3196,#688);
#435=LINE('',#3202,#689);
#436=LINE('',#3206,#690);
#437=LINE('',#3210,#691);
#438=LINE('',#3213,#692);
#439=LINE('',#3216,#693);
#440=LINE('',#3217,#694);
#441=LINE('',#3219,#695);
#442=LINE('',#3222,#696);
#443=LINE('',#3224,#697);
#444=LINE('',#3225,#698);
#445=LINE('',#3228,#699);
#446=LINE('',#3229,#700);
#447=LINE('',#3232,#701);
#448=LINE('',#3233,#702);
#449=LINE('',#3235,#703);
#450=LINE('',#3240,#704);
#451=LINE('',#3241,#705);
#452=LINE('',#3244,#706);
#453=LINE('',#3245,#707);
#454=LINE('',#3249,#708);
#455=LINE('',#3251,#709);
#456=LINE('',#3252,#710);
#457=LINE('',#3257,#711);
#458=LINE('',#3258,#712);
#459=LINE('',#3260,#713);
#460=LINE('',#3262,#714);
#461=LINE('',#3265,#715);
#462=LINE('',#3266,#716);
#463=LINE('',#3268,#717);
#464=LINE('',#3271,#718);
#465=LINE('',#3277,#719);
#466=LINE('',#3284,#720);
#467=LINE('',#3290,#721);
#468=LINE('',#3292,#722);
#469=LINE('',#3294,#723);
#470=LINE('',#3295,#724);
#471=LINE('',#3298,#725);
#472=LINE('',#3300,#726);
#473=LINE('',#3301,#727);
#474=LINE('',#3304,#728);
#475=LINE('',#3306,#729);
#476=LINE('',#3307,#730);
#477=LINE('',#3309,#731);
#478=LINE('',#3310,#732);
#479=LINE('',#3317,#733);
#480=LINE('',#3320,#734);
#481=LINE('',#3323,#735);
#482=LINE('',#3325,#736);
#483=LINE('',#3326,#737);
#484=LINE('',#3329,#738);
#485=LINE('',#3331,#739);
#486=LINE('',#3333,#740);
#487=LINE('',#3338,#741);
#488=LINE('',#3341,#742);
#489=LINE('',#3342,#743);
#490=LINE('',#3348,#744);
#491=LINE('',#3351,#745);
#492=LINE('',#3354,#746);
#493=LINE('',#3358,#747);
#494=LINE('',#3360,#748);
#495=LINE('',#3361,#749);
#496=LINE('',#3364,#750);
#497=LINE('',#3365,#751);
#498=LINE('',#3369,#752);
#499=LINE('',#3372,#753);
#500=LINE('',#3374,#754);
#501=LINE('',#3376,#755);
#502=LINE('',#3377,#756);
#503=LINE('',#3380,#757);
#504=LINE('',#3381,#758);
#505=LINE('',#3384,#759);
#506=LINE('',#3385,#760);
#507=LINE('',#3387,#761);
#508=LINE('',#3390,#762);
#509=LINE('',#3392,#763);
#510=LINE('',#3393,#764);
#511=LINE('',#3395,#765);
#512=LINE('',#3396,#766);
#513=LINE('',#3399,#767);
#514=LINE('',#3401,#768);
#515=LINE('',#3402,#769);
#516=LINE('',#3405,#770);
#517=LINE('',#3407,#771);
#518=LINE('',#3408,#772);
#519=LINE('',#3411,#773);
#520=LINE('',#3413,#774);
#521=LINE('',#3414,#775);
#522=LINE('',#3417,#776);
#523=LINE('',#3419,#777);
#524=LINE('',#3420,#778);
#525=LINE('',#3423,#779);
#526=LINE('',#3425,#780);
#527=LINE('',#3426,#781);
#528=LINE('',#3429,#782);
#529=LINE('',#3431,#783);
#530=LINE('',#3432,#784);
#531=LINE('',#3435,#785);
#532=LINE('',#3437,#786);
#533=LINE('',#3438,#787);
#534=LINE('',#3441,#788);
#535=LINE('',#3443,#789);
#536=LINE('',#3445,#790);
#537=LINE('',#3446,#791);
#538=LINE('',#3451,#792);
#539=LINE('',#3452,#793);
#540=LINE('',#3457,#794);
#541=LINE('',#3465,#795);
#542=LINE('',#3469,#796);
#543=LINE('',#3471,#797);
#544=LINE('',#3474,#798);
#545=LINE('',#3477,#799);
#546=LINE('',#3479,#800);
#547=LINE('',#3480,#801);
#548=LINE('',#3483,#802);
#549=LINE('',#3487,#803);
#550=LINE('',#3491,#804);
#551=LINE('',#3495,#805);
#552=LINE('',#3497,#806);
#553=LINE('',#3499,#807);
#554=LINE('',#3501,#808);
#555=LINE('',#3502,#809);
#556=LINE('',#3507,#810);
#557=LINE('',#3510,#811);
#558=LINE('',#3514,#812);
#559=LINE('',#3518,#813);
#560=LINE('',#3521,#814);
#561=LINE('',#3526,#815);
#562=LINE('',#3528,#816);
#563=LINE('',#3530,#817);
#564=LINE('',#3531,#818);
#565=LINE('',#3532,#819);
#566=LINE('',#3534,#820);
#567=LINE('',#3538,#821);
#568=LINE('',#3540,#822);
#569=LINE('',#3541,#823);
#570=LINE('',#3543,#824);
#571=LINE('',#3544,#825);
#572=LINE('',#3546,#826);
#573=LINE('',#3547,#827);
#574=LINE('',#3549,#828);
#575=LINE('',#3552,#829);
#576=LINE('',#3553,#830);
#577=LINE('',#3560,#831);
#578=LINE('',#3564,#832);
#579=LINE('',#3568,#833);
#580=LINE('',#3571,#834);
#581=LINE('',#3573,#835);
#582=LINE('',#3574,#836);
#583=LINE('',#3577,#837);
#584=LINE('',#3578,#838);
#585=LINE('',#3582,#839);
#586=LINE('',#3584,#840);
#587=LINE('',#3585,#841);
#588=LINE('',#3587,#842);
#589=LINE('',#3589,#843);
#590=LINE('',#3591,#844);
#591=LINE('',#3595,#845);
#592=LINE('',#3596,#846);
#593=LINE('',#3600,#847);
#594=LINE('',#3601,#848);
#595=LINE('',#3604,#849);
#596=LINE('',#3605,#850);
#597=LINE('',#3607,#851);
#598=LINE('',#3616,#852);
#599=LINE('',#3624,#853);
#600=LINE('',#3629,#854);
#601=LINE('',#3631,#855);
#602=LINE('',#3633,#856);
#603=LINE('',#3634,#857);
#604=LINE('',#3637,#858);
#605=LINE('',#3639,#859);
#606=LINE('',#3640,#860);
#607=LINE('',#3643,#861);
#608=LINE('',#3645,#862);
#609=LINE('',#3646,#863);
#610=LINE('',#3649,#864);
#611=LINE('',#3651,#865);
#612=LINE('',#3653,#866);
#613=LINE('',#3655,#867);
#614=LINE('',#3656,#868);
#615=LINE('',#3659,#869);
#616=LINE('',#3660,#870);
#617=LINE('',#3663,#871);
#618=LINE('',#3664,#872);
#619=LINE('',#3667,#873);
#620=LINE('',#3669,#874);
#621=LINE('',#3675,#875);
#622=LINE('',#3679,#876);
#623=LINE('',#3680,#877);
#624=LINE('',#3684,#878);
#625=LINE('',#3689,#879);
#626=LINE('',#3692,#880);
#627=VECTOR('',#2443,10.);
#628=VECTOR('',#2444,10.);
#629=VECTOR('',#2445,10.);
#630=VECTOR('',#2446,10.);
#631=VECTOR('',#2449,10.);
#632=VECTOR('',#2450,10.);
#633=VECTOR('',#2451,10.);
#634=VECTOR('',#2452,10.);
#635=VECTOR('',#2455,10.);
#636=VECTOR('',#2456,10.);
#637=VECTOR('',#2457,10.);
#638=VECTOR('',#2460,10.);
#639=VECTOR('',#2461,10.);
#640=VECTOR('',#2462,10.);
#641=VECTOR('',#2465,10.);
#642=VECTOR('',#2466,10.);
#643=VECTOR('',#2467,10.);
#644=VECTOR('',#2470,10.);
#645=VECTOR('',#2471,10.);
#646=VECTOR('',#2472,10.);
#647=VECTOR('',#2475,10.);
#648=VECTOR('',#2478,10.);
#649=VECTOR('',#2479,10.);
#650=VECTOR('',#2484,10.);
#651=VECTOR('',#2487,10.);
#652=VECTOR('',#2488,10.);
#653=VECTOR('',#2489,10.);
#654=VECTOR('',#2490,10.);
#655=VECTOR('',#2491,10.);
#656=VECTOR('',#2492,10.);
#657=VECTOR('',#2493,10.);
#658=VECTOR('',#2494,10.);
#659=VECTOR('',#2497,10.);
#660=VECTOR('',#2500,10.);
#661=VECTOR('',#2505,10.);
#662=VECTOR('',#2506,10.);
#663=VECTOR('',#2507,10.);
#664=VECTOR('',#2508,10.);
#665=VECTOR('',#2511,10.);
#666=VECTOR('',#2514,10.);
#667=VECTOR('',#2515,10.);
#668=VECTOR('',#2516,10.);
#669=VECTOR('',#2521,10.);
#670=VECTOR('',#2526,10.);
#671=VECTOR('',#2527,10.);
#672=VECTOR('',#2530,10.);
#673=VECTOR('',#2531,10.);
#674=VECTOR('',#2532,10.);
#675=VECTOR('',#2533,10.);
#676=VECTOR('',#2536,10.);
#677=VECTOR('',#2537,10.);
#678=VECTOR('',#2538,10.);
#679=VECTOR('',#2541,10.);
#680=VECTOR('',#2542,10.);
#681=VECTOR('',#2543,10.);
#682=VECTOR('',#2546,10.);
#683=VECTOR('',#2547,10.);
#684=VECTOR('',#2550,10.);
#685=VECTOR('',#2551,10.);
#686=VECTOR('',#2552,10.);
#687=VECTOR('',#2555,10.);
#688=VECTOR('',#2556,10.);
#689=VECTOR('',#2561,10.);
#690=VECTOR('',#2564,10.);
#691=VECTOR('',#2567,10.);
#692=VECTOR('',#2570,10.);
#693=VECTOR('',#2573,10.);
#694=VECTOR('',#2574,10.);
#695=VECTOR('',#2577,10.);
#696=VECTOR('',#2580,10.);
#697=VECTOR('',#2581,10.);
#698=VECTOR('',#2582,10.);
#699=VECTOR('',#2585,10.);
#700=VECTOR('',#2586,10.);
#701=VECTOR('',#2589,10.);
#702=VECTOR('',#2590,10.);
#703=VECTOR('',#2593,10.);
#704=VECTOR('',#2598,10.);
#705=VECTOR('',#2599,10.);
#706=VECTOR('',#2602,10.);
#707=VECTOR('',#2603,10.);
#708=VECTOR('',#2608,10.);
#709=VECTOR('',#2611,10.);
#710=VECTOR('',#2612,10.);
#711=VECTOR('',#2617,10.);
#712=VECTOR('',#2618,10.);
#713=VECTOR('',#2621,10.);
#714=VECTOR('',#2624,10.);
#715=VECTOR('',#2627,10.);
#716=VECTOR('',#2628,10.);
#717=VECTOR('',#2631,10.);
#718=VECTOR('',#2636,10.);
#719=VECTOR('',#2643,1.);
#720=VECTOR('',#2652,1.);
#721=VECTOR('',#2659,10.);
#722=VECTOR('',#2660,10.);
#723=VECTOR('',#2661,10.);
#724=VECTOR('',#2662,10.);
#725=VECTOR('',#2665,10.);
#726=VECTOR('',#2666,10.);
#727=VECTOR('',#2667,10.);
#728=VECTOR('',#2670,10.);
#729=VECTOR('',#2671,10.);
#730=VECTOR('',#2672,10.);
#731=VECTOR('',#2675,10.);
#732=VECTOR('',#2676,10.);
#733=VECTOR('',#2683,10.);
#734=VECTOR('',#2686,10.);
#735=VECTOR('',#2689,10.);
#736=VECTOR('',#2690,10.);
#737=VECTOR('',#2691,10.);
#738=VECTOR('',#2694,10.);
#739=VECTOR('',#2695,10.);
#740=VECTOR('',#2696,10.);
#741=VECTOR('',#2703,10.);
#742=VECTOR('',#2706,10.);
#743=VECTOR('',#2707,10.);
#744=VECTOR('',#2712,10.);
#745=VECTOR('',#2715,10.);
#746=VECTOR('',#2718,10.);
#747=VECTOR('',#2721,10.);
#748=VECTOR('',#2722,10.);
#749=VECTOR('',#2723,10.);
#750=VECTOR('',#2726,10.);
#751=VECTOR('',#2727,10.);
#752=VECTOR('',#2732,10.);
#753=VECTOR('',#2735,10.);
#754=VECTOR('',#2736,10.);
#755=VECTOR('',#2737,10.);
#756=VECTOR('',#2738,10.);
#757=VECTOR('',#2741,10.);
#758=VECTOR('',#2742,10.);
#759=VECTOR('',#2745,10.);
#760=VECTOR('',#2746,10.);
#761=VECTOR('',#2749,10.);
#762=VECTOR('',#2752,10.);
#763=VECTOR('',#2753,10.);
#764=VECTOR('',#2754,10.);
#765=VECTOR('',#2757,10.);
#766=VECTOR('',#2758,10.);
#767=VECTOR('',#2761,10.);
#768=VECTOR('',#2762,10.);
#769=VECTOR('',#2763,10.);
#770=VECTOR('',#2766,10.);
#771=VECTOR('',#2767,10.);
#772=VECTOR('',#2768,10.);
#773=VECTOR('',#2771,10.);
#774=VECTOR('',#2772,10.);
#775=VECTOR('',#2773,10.);
#776=VECTOR('',#2776,10.);
#777=VECTOR('',#2777,10.);
#778=VECTOR('',#2778,10.);
#779=VECTOR('',#2781,10.);
#780=VECTOR('',#2782,10.);
#781=VECTOR('',#2783,10.);
#782=VECTOR('',#2786,10.);
#783=VECTOR('',#2787,10.);
#784=VECTOR('',#2788,10.);
#785=VECTOR('',#2791,10.);
#786=VECTOR('',#2792,10.);
#787=VECTOR('',#2793,10.);
#788=VECTOR('',#2796,10.);
#789=VECTOR('',#2797,10.);
#790=VECTOR('',#2798,10.);
#791=VECTOR('',#2799,10.);
#792=VECTOR('',#2804,10.);
#793=VECTOR('',#2805,10.);
#794=VECTOR('',#2810,10.);
#795=VECTOR('',#2817,10.);
#796=VECTOR('',#2822,10.);
#797=VECTOR('',#2823,10.);
#798=VECTOR('',#2826,10.);
#799=VECTOR('',#2829,10.);
#800=VECTOR('',#2830,10.);
#801=VECTOR('',#2831,10.);
#802=VECTOR('',#2834,10.);
#803=VECTOR('',#2837,10.);
#804=VECTOR('',#2840,10.);
#805=VECTOR('',#2843,10.);
#806=VECTOR('',#2844,10.);
#807=VECTOR('',#2845,10.);
#808=VECTOR('',#2846,10.);
#809=VECTOR('',#2847,10.);
#810=VECTOR('',#2852,10.);
#811=VECTOR('',#2855,10.);
#812=VECTOR('',#2858,10.);
#813=VECTOR('',#2861,10.);
#814=VECTOR('',#2864,10.);
#815=VECTOR('',#2871,10.);
#816=VECTOR('',#2872,10.);
#817=VECTOR('',#2873,10.);
#818=VECTOR('',#2874,10.);
#819=VECTOR('',#2875,10.);
#820=VECTOR('',#2878,10.);
#821=VECTOR('',#2883,10.);
#822=VECTOR('',#2884,10.);
#823=VECTOR('',#2885,10.);
#824=VECTOR('',#2888,10.);
#825=VECTOR('',#2889,10.);
#826=VECTOR('',#2892,10.);
#827=VECTOR('',#2893,10.);
#828=VECTOR('',#2896,10.);
#829=VECTOR('',#2899,10.);
#830=VECTOR('',#2900,10.);
#831=VECTOR('',#2907,10.);
#832=VECTOR('',#2910,10.);
#833=VECTOR('',#2913,10.);
#834=VECTOR('',#2916,10.);
#835=VECTOR('',#2919,10.);
#836=VECTOR('',#2920,10.);
#837=VECTOR('',#2923,10.);
#838=VECTOR('',#2924,10.);
#839=VECTOR('',#2929,10.);
#840=VECTOR('',#2932,10.);
#841=VECTOR('',#2933,10.);
#842=VECTOR('',#2936,10.);
#843=VECTOR('',#2939,10.);
#844=VECTOR('',#2942,10.);
#845=VECTOR('',#2949,10.);
#846=VECTOR('',#2950,10.);
#847=VECTOR('',#2955,10.);
#848=VECTOR('',#2956,10.);
#849=VECTOR('',#2959,10.);
#850=VECTOR('',#2960,10.);
#851=VECTOR('',#2963,10.);
#852=VECTOR('',#2976,5.25);
#853=VECTOR('',#2987,5.25);
#854=VECTOR('',#2992,10.);
#855=VECTOR('',#2993,10.);
#856=VECTOR('',#2994,10.);
#857=VECTOR('',#2995,10.);
#858=VECTOR('',#2998,10.);
#859=VECTOR('',#2999,10.);
#860=VECTOR('',#3000,10.);
#861=VECTOR('',#3003,10.);
#862=VECTOR('',#3004,10.);
#863=VECTOR('',#3005,10.);
#864=VECTOR('',#3008,10.);
#865=VECTOR('',#3009,10.);
#866=VECTOR('',#3010,10.);
#867=VECTOR('',#3011,10.);
#868=VECTOR('',#3012,10.);
#869=VECTOR('',#3015,10.);
#870=VECTOR('',#3016,10.);
#871=VECTOR('',#3019,10.);
#872=VECTOR('',#3020,10.);
#873=VECTOR('',#3023,10.);
#874=VECTOR('',#3024,10.);
#875=VECTOR('',#3031,10.);
#876=VECTOR('',#3036,10.);
#877=VECTOR('',#3037,10.);
#878=VECTOR('',#3042,10.);
#879=VECTOR('',#3049,0.850000000000002);
#880=VECTOR('',#3052,0.850000000000002);
#881=VERTEX_POINT('',#3061);
#882=VERTEX_POINT('',#3062);
#883=VERTEX_POINT('',#3064);
#884=VERTEX_POINT('',#3066);
#885=VERTEX_POINT('',#3070);
#886=VERTEX_POINT('',#3071);
#887=VERTEX_POINT('',#3073);
#888=VERTEX_POINT('',#3075);
#889=VERTEX_POINT('',#3079);
#890=VERTEX_POINT('',#3081);
#891=VERTEX_POINT('',#3085);
#892=VERTEX_POINT('',#3087);
#893=VERTEX_POINT('',#3091);
#894=VERTEX_POINT('',#3093);
#895=VERTEX_POINT('',#3097);
#896=VERTEX_POINT('',#3099);
#897=VERTEX_POINT('',#3111);
#898=VERTEX_POINT('',#3112);
#899=VERTEX_POINT('',#3114);
#900=VERTEX_POINT('',#3116);
#901=VERTEX_POINT('',#3119);
#902=VERTEX_POINT('',#3120);
#903=VERTEX_POINT('',#3122);
#904=VERTEX_POINT('',#3124);
#905=VERTEX_POINT('',#3128);
#906=VERTEX_POINT('',#3129);
#907=VERTEX_POINT('',#3131);
#908=VERTEX_POINT('',#3133);
#909=VERTEX_POINT('',#3137);
#910=VERTEX_POINT('',#3140);
#911=VERTEX_POINT('',#3144);
#912=VERTEX_POINT('',#3146);
#913=VERTEX_POINT('',#3148);
#914=VERTEX_POINT('',#3150);
#915=VERTEX_POINT('',#3154);
#916=VERTEX_POINT('',#3156);
#917=VERTEX_POINT('',#3160);
#918=VERTEX_POINT('',#3164);
#919=VERTEX_POINT('',#3165);
#920=VERTEX_POINT('',#3167);
#921=VERTEX_POINT('',#3169);
#922=VERTEX_POINT('',#3173);
#923=VERTEX_POINT('',#3175);
#924=VERTEX_POINT('',#3179);
#925=VERTEX_POINT('',#3181);
#926=VERTEX_POINT('',#3188);
#927=VERTEX_POINT('',#3190);
#928=VERTEX_POINT('',#3194);
#929=VERTEX_POINT('',#3198);
#930=VERTEX_POINT('',#3199);
#931=VERTEX_POINT('',#3201);
#932=VERTEX_POINT('',#3203);
#933=VERTEX_POINT('',#3205);
#934=VERTEX_POINT('',#3207);
#935=VERTEX_POINT('',#3209);
#936=VERTEX_POINT('',#3211);
#937=VERTEX_POINT('',#3215);
#938=VERTEX_POINT('',#3221);
#939=VERTEX_POINT('',#3223);
#940=VERTEX_POINT('',#3227);
#941=VERTEX_POINT('',#3231);
#942=VERTEX_POINT('',#3237);
#943=VERTEX_POINT('',#3238);
#944=VERTEX_POINT('',#3243);
#945=VERTEX_POINT('',#3247);
#946=VERTEX_POINT('',#3254);
#947=VERTEX_POINT('',#3255);
#948=VERTEX_POINT('',#3264);
#949=VERTEX_POINT('',#3274);
#950=VERTEX_POINT('',#3276);
#951=VERTEX_POINT('',#3281);
#952=VERTEX_POINT('',#3283);
#953=VERTEX_POINT('',#3288);
#954=VERTEX_POINT('',#3289);
#955=VERTEX_POINT('',#3291);
#956=VERTEX_POINT('',#3293);
#957=VERTEX_POINT('',#3297);
#958=VERTEX_POINT('',#3299);
#959=VERTEX_POINT('',#3303);
#960=VERTEX_POINT('',#3305);
#961=VERTEX_POINT('',#3313);
#962=VERTEX_POINT('',#3314);
#963=VERTEX_POINT('',#3316);
#964=VERTEX_POINT('',#3318);
#965=VERTEX_POINT('',#3322);
#966=VERTEX_POINT('',#3324);
#967=VERTEX_POINT('',#3328);
#968=VERTEX_POINT('',#3330);
#969=VERTEX_POINT('',#3332);
#970=VERTEX_POINT('',#3336);
#971=VERTEX_POINT('',#3340);
#972=VERTEX_POINT('',#3344);
#973=VERTEX_POINT('',#3345);
#974=VERTEX_POINT('',#3347);
#975=VERTEX_POINT('',#3349);
#976=VERTEX_POINT('',#3353);
#977=VERTEX_POINT('',#3355);
#978=VERTEX_POINT('',#3357);
#979=VERTEX_POINT('',#3359);
#980=VERTEX_POINT('',#3363);
#981=VERTEX_POINT('',#3367);
#982=VERTEX_POINT('',#3371);
#983=VERTEX_POINT('',#3373);
#984=VERTEX_POINT('',#3375);
#985=VERTEX_POINT('',#3379);
#986=VERTEX_POINT('',#3383);
#987=VERTEX_POINT('',#3389);
#988=VERTEX_POINT('',#3391);
#989=VERTEX_POINT('',#3398);
#990=VERTEX_POINT('',#3400);
#991=VERTEX_POINT('',#3404);
#992=VERTEX_POINT('',#3406);
#993=VERTEX_POINT('',#3410);
#994=VERTEX_POINT('',#3412);
#995=VERTEX_POINT('',#3416);
#996=VERTEX_POINT('',#3418);
#997=VERTEX_POINT('',#3422);
#998=VERTEX_POINT('',#3424);
#999=VERTEX_POINT('',#3428);
#1000=VERTEX_POINT('',#3430);
#1001=VERTEX_POINT('',#3434);
#1002=VERTEX_POINT('',#3436);
#1003=VERTEX_POINT('',#3440);
#1004=VERTEX_POINT('',#3442);
#1005=VERTEX_POINT('',#3444);
#1006=VERTEX_POINT('',#3448);
#1007=VERTEX_POINT('',#3450);
#1008=VERTEX_POINT('',#3454);
#1009=VERTEX_POINT('',#3456);
#1010=VERTEX_POINT('',#3458);
#1011=VERTEX_POINT('',#3460);
#1012=VERTEX_POINT('',#3462);
#1013=VERTEX_POINT('',#3464);
#1014=VERTEX_POINT('',#3467);
#1015=VERTEX_POINT('',#3470);
#1016=VERTEX_POINT('',#3472);
#1017=VERTEX_POINT('',#3476);
#1018=VERTEX_POINT('',#3478);
#1019=VERTEX_POINT('',#3482);
#1020=VERTEX_POINT('',#3484);
#1021=VERTEX_POINT('',#3486);
#1022=VERTEX_POINT('',#3488);
#1023=VERTEX_POINT('',#3490);
#1024=VERTEX_POINT('',#3492);
#1025=VERTEX_POINT('',#3494);
#1026=VERTEX_POINT('',#3496);
#1027=VERTEX_POINT('',#3498);
#1028=VERTEX_POINT('',#3500);
#1029=VERTEX_POINT('',#3504);
#1030=VERTEX_POINT('',#3506);
#1031=VERTEX_POINT('',#3508);
#1032=VERTEX_POINT('',#3511);
#1033=VERTEX_POINT('',#3513);
#1034=VERTEX_POINT('',#3515);
#1035=VERTEX_POINT('',#3517);
#1036=VERTEX_POINT('',#3519);
#1037=VERTEX_POINT('',#3525);
#1038=VERTEX_POINT('',#3527);
#1039=VERTEX_POINT('',#3529);
#1040=VERTEX_POINT('',#3537);
#1041=VERTEX_POINT('',#3539);
#1042=VERTEX_POINT('',#3551);
#1043=VERTEX_POINT('',#3556);
#1044=VERTEX_POINT('',#3557);
#1045=VERTEX_POINT('',#3559);
#1046=VERTEX_POINT('',#3561);
#1047=VERTEX_POINT('',#3563);
#1048=VERTEX_POINT('',#3565);
#1049=VERTEX_POINT('',#3567);
#1050=VERTEX_POINT('',#3569);
#1051=VERTEX_POINT('',#3576);
#1052=VERTEX_POINT('',#3580);
#1053=VERTEX_POINT('',#3599);
#1054=VERTEX_POINT('',#3603);
#1055=VERTEX_POINT('',#3611);
#1056=VERTEX_POINT('',#3614);
#1057=VERTEX_POINT('',#3619);
#1058=VERTEX_POINT('',#3622);
#1059=VERTEX_POINT('',#3627);
#1060=VERTEX_POINT('',#3628);
#1061=VERTEX_POINT('',#3630);
#1062=VERTEX_POINT('',#3632);
#1063=VERTEX_POINT('',#3636);
#1064=VERTEX_POINT('',#3638);
#1065=VERTEX_POINT('',#3642);
#1066=VERTEX_POINT('',#3644);
#1067=VERTEX_POINT('',#3648);
#1068=VERTEX_POINT('',#3650);
#1069=VERTEX_POINT('',#3652);
#1070=VERTEX_POINT('',#3654);
#1071=VERTEX_POINT('',#3658);
#1072=VERTEX_POINT('',#3662);
#1073=VERTEX_POINT('',#3666);
#1074=VERTEX_POINT('',#3668);
#1075=VERTEX_POINT('',#3671);
#1076=VERTEX_POINT('',#3674);
#1077=VERTEX_POINT('',#3678);
#1078=VERTEX_POINT('',#3681);
#1079=VERTEX_POINT('',#3687);
#1080=VERTEX_POINT('',#3691);
#1081=EDGE_CURVE('',#881,#882,#373,.T.);
#1082=EDGE_CURVE('',#881,#883,#374,.T.);
#1083=EDGE_CURVE('',#884,#883,#375,.T.);
#1084=EDGE_CURVE('',#882,#884,#376,.T.);
#1085=EDGE_CURVE('',#885,#886,#377,.T.);
#1086=EDGE_CURVE('',#885,#887,#378,.T.);
#1087=EDGE_CURVE('',#887,#888,#379,.T.);
#1088=EDGE_CURVE('',#886,#888,#380,.T.);
#1089=EDGE_CURVE('',#889,#885,#381,.T.);
#1090=EDGE_CURVE('',#889,#890,#382,.T.);
#1091=EDGE_CURVE('',#890,#887,#383,.T.);
#1092=EDGE_CURVE('',#882,#891,#384,.T.);
#1093=EDGE_CURVE('',#892,#884,#385,.T.);
#1094=EDGE_CURVE('',#891,#892,#386,.T.);
#1095=EDGE_CURVE('',#886,#893,#387,.T.);
#1096=EDGE_CURVE('',#888,#894,#388,.T.);
#1097=EDGE_CURVE('',#893,#894,#389,.T.);
#1098=EDGE_CURVE('',#891,#895,#390,.T.);
#1099=EDGE_CURVE('',#896,#892,#391,.T.);
#1100=EDGE_CURVE('',#895,#896,#392,.T.);
#1101=EDGE_CURVE('',#883,#896,#393,.T.);
#1102=EDGE_CURVE('',#893,#889,#394,.T.);
#1103=EDGE_CURVE('',#894,#890,#395,.T.);
#1104=EDGE_CURVE('',#895,#881,#396,.T.);
#1105=EDGE_CURVE('',#897,#898,#397,.T.);
#1106=EDGE_CURVE('',#899,#897,#398,.T.);
#1107=EDGE_CURVE('',#900,#899,#399,.T.);
#1108=EDGE_CURVE('',#898,#900,#400,.T.);
#1109=EDGE_CURVE('',#901,#902,#401,.T.);
#1110=EDGE_CURVE('',#903,#901,#402,.T.);
#1111=EDGE_CURVE('',#904,#903,#403,.T.);
#1112=EDGE_CURVE('',#902,#904,#404,.T.);
#1113=EDGE_CURVE('',#905,#906,#405,.T.);
#1114=EDGE_CURVE('',#907,#905,#33,.T.);
#1115=EDGE_CURVE('',#908,#907,#406,.T.);
#1116=EDGE_CURVE('',#906,#908,#34,.T.);
#1117=EDGE_CURVE('',#909,#908,#407,.T.);
#1118=EDGE_CURVE('',#909,#899,#408,.T.);
#1119=EDGE_CURVE('',#910,#897,#409,.T.);
#1120=EDGE_CURVE('',#906,#910,#410,.T.);
#1121=EDGE_CURVE('',#907,#911,#411,.F.);
#1122=EDGE_CURVE('',#912,#911,#35,.T.);
#1123=EDGE_CURVE('',#912,#913,#412,.F.);
#1124=EDGE_CURVE('',#913,#914,#413,.T.);
#1125=EDGE_CURVE('',#914,#909,#414,.T.);
#1126=EDGE_CURVE('',#915,#913,#36,.T.);
#1127=EDGE_CURVE('',#916,#915,#415,.T.);
#1128=EDGE_CURVE('',#914,#916,#37,.T.);
#1129=EDGE_CURVE('',#917,#916,#416,.T.);
#1130=EDGE_CURVE('',#917,#900,#417,.T.);
#1131=EDGE_CURVE('',#918,#919,#418,.T.);
#1132=EDGE_CURVE('',#919,#920,#419,.T.);
#1133=EDGE_CURVE('',#920,#921,#420,.T.);
#1134=EDGE_CURVE('',#921,#918,#421,.T.);
#1135=EDGE_CURVE('',#922,#920,#422,.T.);
#1136=EDGE_CURVE('',#919,#923,#423,.T.);
#1137=EDGE_CURVE('',#923,#922,#424,.T.);
#1138=EDGE_CURVE('',#924,#922,#425,.T.);
#1139=EDGE_CURVE('',#923,#925,#426,.T.);
#1140=EDGE_CURVE('',#925,#924,#427,.T.);
#1141=EDGE_CURVE('',#921,#924,#428,.T.);
#1142=EDGE_CURVE('',#925,#918,#429,.T.);
#1143=EDGE_CURVE('',#926,#919,#430,.T.);
#1144=EDGE_CURVE('',#927,#926,#431,.T.);
#1145=EDGE_CURVE('',#927,#923,#432,.T.);
#1146=EDGE_CURVE('',#928,#918,#433,.T.);
#1147=EDGE_CURVE('',#926,#928,#434,.T.);
#1148=EDGE_CURVE('',#929,#930,#38,.T.);
#1149=EDGE_CURVE('',#929,#931,#435,.T.);
#1150=EDGE_CURVE('',#932,#931,#39,.T.);
#1151=EDGE_CURVE('',#932,#933,#436,.T.);
#1152=EDGE_CURVE('',#934,#933,#40,.T.);
#1153=EDGE_CURVE('',#934,#935,#437,.T.);
#1154=EDGE_CURVE('',#936,#935,#41,.T.);
#1155=EDGE_CURVE('',#936,#930,#438,.T.);
#1156=EDGE_CURVE('',#937,#917,#439,.T.);
#1157=EDGE_CURVE('',#937,#898,#440,.T.);
#1158=EDGE_CURVE('',#910,#937,#441,.T.);
#1159=EDGE_CURVE('',#938,#901,#442,.T.);
#1160=EDGE_CURVE('',#938,#939,#443,.T.);
#1161=EDGE_CURVE('',#939,#903,#444,.T.);
#1162=EDGE_CURVE('',#940,#902,#445,.T.);
#1163=EDGE_CURVE('',#940,#938,#446,.T.);
#1164=EDGE_CURVE('',#941,#927,#447,.T.);
#1165=EDGE_CURVE('',#941,#925,#448,.T.);
#1166=EDGE_CURVE('',#928,#941,#449,.T.);
#1167=EDGE_CURVE('',#942,#943,#42,.T.);
#1168=EDGE_CURVE('',#943,#929,#450,.T.);
#1169=EDGE_CURVE('',#930,#942,#451,.T.);
#1170=EDGE_CURVE('',#944,#936,#452,.T.);
#1171=EDGE_CURVE('',#942,#944,#453,.F.);
#1172=EDGE_CURVE('',#945,#944,#43,.T.);
#1173=EDGE_CURVE('',#935,#945,#454,.T.);
#1174=EDGE_CURVE('',#945,#905,#455,.F.);
#1175=EDGE_CURVE('',#911,#934,#456,.T.);
#1176=EDGE_CURVE('',#946,#947,#44,.T.);
#1177=EDGE_CURVE('',#947,#932,#457,.T.);
#1178=EDGE_CURVE('',#931,#946,#458,.T.);
#1179=EDGE_CURVE('',#946,#943,#459,.F.);
#1180=EDGE_CURVE('',#933,#912,#460,.T.);
#1181=EDGE_CURVE('',#939,#948,#461,.T.);
#1182=EDGE_CURVE('',#948,#904,#462,.T.);
#1183=EDGE_CURVE('',#948,#940,#463,.T.);
#1184=EDGE_CURVE('',#915,#947,#464,.F.);
#1185=EDGE_CURVE('',#949,#949,#45,.T.);
#1186=EDGE_CURVE('',#949,#950,#465,.T.);
#1187=EDGE_CURVE('',#950,#950,#46,.T.);
#1188=EDGE_CURVE('',#951,#951,#47,.T.);
#1189=EDGE_CURVE('',#951,#952,#466,.T.);
#1190=EDGE_CURVE('',#952,#952,#48,.T.);
#1191=EDGE_CURVE('',#953,#954,#467,.T.);
#1192=EDGE_CURVE('',#953,#955,#468,.T.);
#1193=EDGE_CURVE('',#955,#956,#469,.T.);
#1194=EDGE_CURVE('',#954,#956,#470,.T.);
#1195=EDGE_CURVE('',#957,#953,#471,.T.);
#1196=EDGE_CURVE('',#957,#958,#472,.T.);
#1197=EDGE_CURVE('',#958,#955,#473,.T.);
#1198=EDGE_CURVE('',#959,#957,#474,.T.);
#1199=EDGE_CURVE('',#959,#960,#475,.T.);
#1200=EDGE_CURVE('',#960,#958,#476,.T.);
#1201=EDGE_CURVE('',#954,#959,#477,.T.);
#1202=EDGE_CURVE('',#956,#960,#478,.T.);
#1203=EDGE_CURVE('',#961,#962,#15,.T.);
#1204=EDGE_CURVE('',#962,#963,#479,.T.);
#1205=EDGE_CURVE('',#963,#964,#16,.T.);
#1206=EDGE_CURVE('',#964,#961,#480,.T.);
#1207=EDGE_CURVE('',#965,#962,#481,.T.);
#1208=EDGE_CURVE('',#966,#965,#482,.T.);
#1209=EDGE_CURVE('',#963,#966,#483,.T.);
#1210=EDGE_CURVE('',#961,#967,#484,.T.);
#1211=EDGE_CURVE('',#967,#968,#485,.T.);
#1212=EDGE_CURVE('',#968,#969,#486,.T.);
#1213=EDGE_CURVE('',#965,#969,#17,.T.);
#1214=EDGE_CURVE('',#970,#966,#18,.T.);
#1215=EDGE_CURVE('',#969,#970,#487,.T.);
#1216=EDGE_CURVE('',#971,#968,#488,.T.);
#1217=EDGE_CURVE('',#970,#971,#489,.T.);
#1218=EDGE_CURVE('',#972,#973,#19,.T.);
#1219=EDGE_CURVE('',#973,#974,#490,.T.);
#1220=EDGE_CURVE('',#974,#975,#20,.T.);
#1221=EDGE_CURVE('',#975,#972,#491,.T.);
#1222=EDGE_CURVE('',#972,#976,#492,.T.);
#1223=EDGE_CURVE('',#977,#976,#21,.T.);
#1224=EDGE_CURVE('',#977,#978,#493,.T.);
#1225=EDGE_CURVE('',#978,#979,#494,.T.);
#1226=EDGE_CURVE('',#979,#973,#495,.T.);
#1227=EDGE_CURVE('',#980,#975,#496,.T.);
#1228=EDGE_CURVE('',#976,#980,#497,.T.);
#1229=EDGE_CURVE('',#980,#981,#22,.T.);
#1230=EDGE_CURVE('',#981,#977,#498,.T.);
#1231=EDGE_CURVE('',#982,#981,#499,.T.);
#1232=EDGE_CURVE('',#983,#982,#500,.T.);
#1233=EDGE_CURVE('',#983,#984,#501,.T.);
#1234=EDGE_CURVE('',#978,#984,#502,.T.);
#1235=EDGE_CURVE('',#974,#985,#503,.T.);
#1236=EDGE_CURVE('',#985,#982,#504,.T.);
#1237=EDGE_CURVE('',#986,#964,#505,.T.);
#1238=EDGE_CURVE('',#967,#986,#506,.T.);
#1239=EDGE_CURVE('',#971,#986,#507,.T.);
#1240=EDGE_CURVE('',#987,#984,#508,.F.);
#1241=EDGE_CURVE('',#983,#988,#509,.F.);
#1242=EDGE_CURVE('',#987,#988,#510,.T.);
#1243=EDGE_CURVE('',#987,#979,#511,.T.);
#1244=EDGE_CURVE('',#985,#988,#512,.T.);
#1245=EDGE_CURVE('',#984,#989,#513,.F.);
#1246=EDGE_CURVE('',#990,#989,#514,.F.);
#1247=EDGE_CURVE('',#990,#978,#515,.T.);
#1248=EDGE_CURVE('',#979,#991,#516,.T.);
#1249=EDGE_CURVE('',#991,#992,#517,.T.);
#1250=EDGE_CURVE('',#992,#987,#518,.F.);
#1251=EDGE_CURVE('',#988,#993,#519,.F.);
#1252=EDGE_CURVE('',#993,#994,#520,.T.);
#1253=EDGE_CURVE('',#985,#994,#521,.F.);
#1254=EDGE_CURVE('',#995,#982,#522,.F.);
#1255=EDGE_CURVE('',#996,#995,#523,.F.);
#1256=EDGE_CURVE('',#996,#983,#524,.F.);
#1257=EDGE_CURVE('',#997,#986,#525,.T.);
#1258=EDGE_CURVE('',#998,#997,#526,.F.);
#1259=EDGE_CURVE('',#998,#967,#527,.T.);
#1260=EDGE_CURVE('',#999,#996,#528,.T.);
#1261=EDGE_CURVE('',#1000,#999,#529,.T.);
#1262=EDGE_CURVE('',#1000,#993,#530,.T.);
#1263=EDGE_CURVE('',#1001,#992,#531,.T.);
#1264=EDGE_CURVE('',#1002,#1001,#532,.T.);
#1265=EDGE_CURVE('',#989,#1002,#533,.T.);
#1266=EDGE_CURVE('',#1002,#1003,#534,.T.);
#1267=EDGE_CURVE('',#1003,#1004,#535,.T.);
#1268=EDGE_CURVE('',#1004,#1005,#536,.T.);
#1269=EDGE_CURVE('',#1005,#990,#537,.F.);
#1270=EDGE_CURVE('',#1001,#1006,#49,.T.);
#1271=EDGE_CURVE('',#1007,#1006,#538,.T.);
#1272=EDGE_CURVE('',#1003,#1007,#539,.T.);
#1273=EDGE_CURVE('',#1008,#1000,#50,.T.);
#1274=EDGE_CURVE('',#1009,#1008,#540,.T.);
#1275=EDGE_CURVE('',#1009,#1010,#51,.T.);
#1276=EDGE_CURVE('',#1011,#1010,#23,.T.);
#1277=EDGE_CURVE('',#1012,#1011,#24,.T.);
#1278=EDGE_CURVE('',#1013,#1012,#541,.T.);
#1279=EDGE_CURVE('',#1011,#1013,#25,.T.);
#1280=EDGE_CURVE('',#1014,#1011,#26,.T.);
#1281=EDGE_CURVE('',#1006,#1014,#542,.T.);
#1282=EDGE_CURVE('',#1015,#992,#543,.T.);
#1283=EDGE_CURVE('',#1016,#1015,#52,.T.);
#1284=EDGE_CURVE('',#993,#1016,#544,.T.);
#1285=EDGE_CURVE('',#1017,#1009,#545,.T.);
#1286=EDGE_CURVE('',#1018,#1017,#546,.T.);
#1287=EDGE_CURVE('',#1010,#1018,#547,.T.);
#1288=EDGE_CURVE('',#1019,#1016,#548,.T.);
#1289=EDGE_CURVE('',#1020,#1019,#53,.T.);
#1290=EDGE_CURVE('',#1021,#1020,#549,.T.);
#1291=EDGE_CURVE('',#1022,#1021,#54,.T.);
#1292=EDGE_CURVE('',#1023,#1022,#550,.T.);
#1293=EDGE_CURVE('',#1024,#1023,#55,.T.);
#1294=EDGE_CURVE('',#1025,#1024,#551,.T.);
#1295=EDGE_CURVE('',#1025,#1026,#552,.T.);
#1296=EDGE_CURVE('',#1027,#1026,#553,.T.);
#1297=EDGE_CURVE('',#1028,#1027,#554,.T.);
#1298=EDGE_CURVE('',#994,#1028,#555,.T.);
#1299=EDGE_CURVE('',#1018,#1029,#56,.T.);
#1300=EDGE_CURVE('',#1030,#1029,#556,.T.);
#1301=EDGE_CURVE('',#1031,#1030,#57,.T.);
#1302=EDGE_CURVE('',#1031,#1026,#557,.T.);
#1303=EDGE_CURVE('',#1032,#1025,#58,.T.);
#1304=EDGE_CURVE('',#1033,#1032,#558,.T.);
#1305=EDGE_CURVE('',#1034,#1033,#59,.F.);
#1306=EDGE_CURVE('',#1034,#1035,#559,.T.);
#1307=EDGE_CURVE('',#1036,#1035,#60,.T.);
#1308=EDGE_CURVE('',#1014,#1036,#560,.T.);
#1309=EDGE_CURVE('',#1013,#1012,#61,.T.);
#1310=EDGE_CURVE('',#1008,#1037,#561,.T.);
#1311=EDGE_CURVE('',#1037,#1038,#562,.T.);
#1312=EDGE_CURVE('',#1038,#1039,#563,.T.);
#1313=EDGE_CURVE('',#1039,#1030,#564,.T.);
#1314=EDGE_CURVE('',#1029,#1017,#565,.T.);
#1315=EDGE_CURVE('',#1036,#1007,#566,.T.);
#1316=EDGE_CURVE('',#1040,#1031,#567,.T.);
#1317=EDGE_CURVE('',#1041,#1040,#568,.T.);
#1318=EDGE_CURVE('',#1026,#1041,#569,.F.);
#1319=EDGE_CURVE('',#1035,#1004,#570,.T.);
#1320=EDGE_CURVE('',#1005,#1034,#571,.F.);
#1321=EDGE_CURVE('',#971,#1027,#572,.T.);
#1322=EDGE_CURVE('',#997,#1041,#573,.F.);
#1323=EDGE_CURVE('',#1033,#991,#574,.T.);
#1324=EDGE_CURVE('',#1042,#1039,#575,.T.);
#1325=EDGE_CURVE('',#1040,#1042,#576,.T.);
#1326=EDGE_CURVE('',#1043,#1044,#62,.T.);
#1327=EDGE_CURVE('',#1044,#1045,#577,.T.);
#1328=EDGE_CURVE('',#1045,#1046,#63,.T.);
#1329=EDGE_CURVE('',#1046,#1047,#578,.T.);
#1330=EDGE_CURVE('',#1047,#1048,#64,.T.);
#1331=EDGE_CURVE('',#1048,#1049,#579,.T.);
#1332=EDGE_CURVE('',#1049,#1050,#65,.T.);
#1333=EDGE_CURVE('',#1050,#1043,#580,.T.);
#1334=EDGE_CURVE('',#1023,#1044,#581,.T.);
#1335=EDGE_CURVE('',#1024,#1043,#582,.T.);
#1336=EDGE_CURVE('',#1051,#1050,#583,.T.);
#1337=EDGE_CURVE('',#1051,#1032,#584,.T.);
#1338=EDGE_CURVE('',#1052,#1051,#66,.T.);
#1339=EDGE_CURVE('',#1052,#1049,#585,.T.);
#1340=EDGE_CURVE('',#1015,#1052,#586,.T.);
#1341=EDGE_CURVE('',#1019,#1048,#587,.T.);
#1342=EDGE_CURVE('',#1020,#1047,#588,.T.);
#1343=EDGE_CURVE('',#1021,#1046,#589,.T.);
#1344=EDGE_CURVE('',#1022,#1045,#590,.T.);
#1345=EDGE_CURVE('',#968,#1028,#591,.T.);
#1346=EDGE_CURVE('',#995,#998,#592,.F.);
#1347=EDGE_CURVE('',#1042,#1053,#593,.T.);
#1348=EDGE_CURVE('',#1053,#1038,#594,.T.);
#1349=EDGE_CURVE('',#1053,#1054,#595,.T.);
#1350=EDGE_CURVE('',#1054,#1037,#596,.T.);
#1351=EDGE_CURVE('',#1054,#999,#597,.T.);
#1352=EDGE_CURVE('',#1055,#1055,#67,.T.);
#1353=EDGE_CURVE('',#1056,#1056,#68,.T.);
#1354=EDGE_CURVE('',#1056,#1055,#598,.T.);
#1355=EDGE_CURVE('',#1057,#1057,#69,.T.);
#1356=EDGE_CURVE('',#1058,#1058,#70,.T.);
#1357=EDGE_CURVE('',#1058,#1057,#599,.T.);
#1358=EDGE_CURVE('',#1059,#1060,#600,.T.);
#1359=EDGE_CURVE('',#1061,#1059,#601,.T.);
#1360=EDGE_CURVE('',#1062,#1061,#602,.T.);
#1361=EDGE_CURVE('',#1062,#1060,#603,.T.);
#1362=EDGE_CURVE('',#1060,#1063,#604,.T.);
#1363=EDGE_CURVE('',#1064,#1062,#605,.T.);
#1364=EDGE_CURVE('',#1063,#1064,#606,.T.);
#1365=EDGE_CURVE('',#1065,#1059,#607,.T.);
#1366=EDGE_CURVE('',#1066,#1065,#608,.T.);
#1367=EDGE_CURVE('',#1061,#1066,#609,.T.);
#1368=EDGE_CURVE('',#1063,#1067,#610,.T.);
#1369=EDGE_CURVE('',#1068,#1067,#611,.F.);
#1370=EDGE_CURVE('',#1069,#1068,#612,.T.);
#1371=EDGE_CURVE('',#1070,#1069,#613,.F.);
#1372=EDGE_CURVE('',#1070,#1065,#614,.T.);
#1373=EDGE_CURVE('',#1071,#1064,#615,.F.);
#1374=EDGE_CURVE('',#1067,#1071,#616,.T.);
#1375=EDGE_CURVE('',#1072,#1070,#617,.T.);
#1376=EDGE_CURVE('',#1066,#1072,#618,.F.);
#1377=EDGE_CURVE('',#1073,#1071,#619,.F.);
#1378=EDGE_CURVE('',#1073,#1074,#620,.F.);
#1379=EDGE_CURVE('',#1068,#1074,#71,.T.);
#1380=EDGE_CURVE('',#1075,#1075,#72,.T.);
#1381=EDGE_CURVE('',#1074,#1076,#621,.T.);
#1382=EDGE_CURVE('',#1076,#1069,#73,.T.);
#1383=EDGE_CURVE('',#1076,#1077,#622,.F.);
#1384=EDGE_CURVE('',#1072,#1077,#623,.F.);
#1385=EDGE_CURVE('',#1078,#1078,#74,.T.);
#1386=EDGE_CURVE('',#1077,#1073,#624,.T.);
#1387=EDGE_CURVE('',#1079,#1079,#75,.T.);
#1388=EDGE_CURVE('',#1079,#1078,#625,.T.);
#1389=EDGE_CURVE('',#1075,#1080,#626,.T.);
#1390=EDGE_CURVE('',#1080,#1080,#76,.T.);
#1391=ORIENTED_EDGE('',*,*,#1081,.F.);
#1392=ORIENTED_EDGE('',*,*,#1082,.T.);
#1393=ORIENTED_EDGE('',*,*,#1083,.F.);
#1394=ORIENTED_EDGE('',*,*,#1084,.F.);
#1395=ORIENTED_EDGE('',*,*,#1085,.F.);
#1396=ORIENTED_EDGE('',*,*,#1086,.T.);
#1397=ORIENTED_EDGE('',*,*,#1087,.T.);
#1398=ORIENTED_EDGE('',*,*,#1088,.F.);
#1399=ORIENTED_EDGE('',*,*,#1089,.F.);
#1400=ORIENTED_EDGE('',*,*,#1090,.T.);
#1401=ORIENTED_EDGE('',*,*,#1091,.T.);
#1402=ORIENTED_EDGE('',*,*,#1086,.F.);
#1403=ORIENTED_EDGE('',*,*,#1092,.F.);
#1404=ORIENTED_EDGE('',*,*,#1084,.T.);
#1405=ORIENTED_EDGE('',*,*,#1093,.F.);
#1406=ORIENTED_EDGE('',*,*,#1094,.F.);
#1407=ORIENTED_EDGE('',*,*,#1095,.F.);
#1408=ORIENTED_EDGE('',*,*,#1088,.T.);
#1409=ORIENTED_EDGE('',*,*,#1096,.T.);
#1410=ORIENTED_EDGE('',*,*,#1097,.F.);
#1411=ORIENTED_EDGE('',*,*,#1098,.F.);
#1412=ORIENTED_EDGE('',*,*,#1094,.T.);
#1413=ORIENTED_EDGE('',*,*,#1099,.F.);
#1414=ORIENTED_EDGE('',*,*,#1100,.F.);
#1415=ORIENTED_EDGE('',*,*,#1099,.T.);
#1416=ORIENTED_EDGE('',*,*,#1093,.T.);
#1417=ORIENTED_EDGE('',*,*,#1083,.T.);
#1418=ORIENTED_EDGE('',*,*,#1101,.T.);
#1419=ORIENTED_EDGE('',*,*,#1102,.F.);
#1420=ORIENTED_EDGE('',*,*,#1097,.T.);
#1421=ORIENTED_EDGE('',*,*,#1103,.T.);
#1422=ORIENTED_EDGE('',*,*,#1090,.F.);
#1423=ORIENTED_EDGE('',*,*,#1103,.F.);
#1424=ORIENTED_EDGE('',*,*,#1096,.F.);
#1425=ORIENTED_EDGE('',*,*,#1087,.F.);
#1426=ORIENTED_EDGE('',*,*,#1091,.F.);
#1427=ORIENTED_EDGE('',*,*,#1104,.F.);
#1428=ORIENTED_EDGE('',*,*,#1100,.T.);
#1429=ORIENTED_EDGE('',*,*,#1101,.F.);
#1430=ORIENTED_EDGE('',*,*,#1082,.F.);
#1431=ORIENTED_EDGE('',*,*,#1105,.F.);
#1432=ORIENTED_EDGE('',*,*,#1106,.F.);
#1433=ORIENTED_EDGE('',*,*,#1107,.F.);
#1434=ORIENTED_EDGE('',*,*,#1108,.F.);
#1435=ORIENTED_EDGE('',*,*,#1109,.F.);
#1436=ORIENTED_EDGE('',*,*,#1110,.F.);
#1437=ORIENTED_EDGE('',*,*,#1111,.F.);
#1438=ORIENTED_EDGE('',*,*,#1112,.F.);
#1439=ORIENTED_EDGE('',*,*,#1113,.F.);
#1440=ORIENTED_EDGE('',*,*,#1114,.F.);
#1441=ORIENTED_EDGE('',*,*,#1115,.F.);
#1442=ORIENTED_EDGE('',*,*,#1116,.F.);
#1443=ORIENTED_EDGE('',*,*,#1116,.T.);
#1444=ORIENTED_EDGE('',*,*,#1117,.F.);
#1445=ORIENTED_EDGE('',*,*,#1118,.T.);
#1446=ORIENTED_EDGE('',*,*,#1106,.T.);
#1447=ORIENTED_EDGE('',*,*,#1119,.F.);
#1448=ORIENTED_EDGE('',*,*,#1120,.F.);
#1449=ORIENTED_EDGE('',*,*,#1098,.T.);
#1450=ORIENTED_EDGE('',*,*,#1104,.T.);
#1451=ORIENTED_EDGE('',*,*,#1081,.T.);
#1452=ORIENTED_EDGE('',*,*,#1092,.T.);
#1453=ORIENTED_EDGE('',*,*,#1115,.T.);
#1454=ORIENTED_EDGE('',*,*,#1121,.T.);
#1455=ORIENTED_EDGE('',*,*,#1122,.F.);
#1456=ORIENTED_EDGE('',*,*,#1123,.T.);
#1457=ORIENTED_EDGE('',*,*,#1124,.T.);
#1458=ORIENTED_EDGE('',*,*,#1125,.T.);
#1459=ORIENTED_EDGE('',*,*,#1117,.T.);
#1460=ORIENTED_EDGE('',*,*,#1124,.F.);
#1461=ORIENTED_EDGE('',*,*,#1126,.F.);
#1462=ORIENTED_EDGE('',*,*,#1127,.F.);
#1463=ORIENTED_EDGE('',*,*,#1128,.F.);
#1464=ORIENTED_EDGE('',*,*,#1128,.T.);
#1465=ORIENTED_EDGE('',*,*,#1129,.F.);
#1466=ORIENTED_EDGE('',*,*,#1130,.T.);
#1467=ORIENTED_EDGE('',*,*,#1107,.T.);
#1468=ORIENTED_EDGE('',*,*,#1118,.F.);
#1469=ORIENTED_EDGE('',*,*,#1125,.F.);
#1470=ORIENTED_EDGE('',*,*,#1131,.T.);
#1471=ORIENTED_EDGE('',*,*,#1132,.T.);
#1472=ORIENTED_EDGE('',*,*,#1133,.T.);
#1473=ORIENTED_EDGE('',*,*,#1134,.T.);
#1474=ORIENTED_EDGE('',*,*,#1135,.T.);
#1475=ORIENTED_EDGE('',*,*,#1132,.F.);
#1476=ORIENTED_EDGE('',*,*,#1136,.T.);
#1477=ORIENTED_EDGE('',*,*,#1137,.T.);
#1478=ORIENTED_EDGE('',*,*,#1138,.T.);
#1479=ORIENTED_EDGE('',*,*,#1137,.F.);
#1480=ORIENTED_EDGE('',*,*,#1139,.T.);
#1481=ORIENTED_EDGE('',*,*,#1140,.T.);
#1482=ORIENTED_EDGE('',*,*,#1141,.T.);
#1483=ORIENTED_EDGE('',*,*,#1140,.F.);
#1484=ORIENTED_EDGE('',*,*,#1142,.T.);
#1485=ORIENTED_EDGE('',*,*,#1134,.F.);
#1486=ORIENTED_EDGE('',*,*,#1136,.F.);
#1487=ORIENTED_EDGE('',*,*,#1143,.F.);
#1488=ORIENTED_EDGE('',*,*,#1144,.F.);
#1489=ORIENTED_EDGE('',*,*,#1145,.T.);
#1490=ORIENTED_EDGE('',*,*,#1131,.F.);
#1491=ORIENTED_EDGE('',*,*,#1146,.F.);
#1492=ORIENTED_EDGE('',*,*,#1147,.F.);
#1493=ORIENTED_EDGE('',*,*,#1143,.T.);
#1494=ORIENTED_EDGE('',*,*,#1148,.F.);
#1495=ORIENTED_EDGE('',*,*,#1149,.T.);
#1496=ORIENTED_EDGE('',*,*,#1150,.F.);
#1497=ORIENTED_EDGE('',*,*,#1151,.T.);
#1498=ORIENTED_EDGE('',*,*,#1152,.F.);
#1499=ORIENTED_EDGE('',*,*,#1153,.T.);
#1500=ORIENTED_EDGE('',*,*,#1154,.F.);
#1501=ORIENTED_EDGE('',*,*,#1155,.T.);
#1502=ORIENTED_EDGE('',*,*,#1133,.F.);
#1503=ORIENTED_EDGE('',*,*,#1135,.F.);
#1504=ORIENTED_EDGE('',*,*,#1138,.F.);
#1505=ORIENTED_EDGE('',*,*,#1141,.F.);
#1506=ORIENTED_EDGE('',*,*,#1156,.F.);
#1507=ORIENTED_EDGE('',*,*,#1157,.T.);
#1508=ORIENTED_EDGE('',*,*,#1108,.T.);
#1509=ORIENTED_EDGE('',*,*,#1130,.F.);
#1510=ORIENTED_EDGE('',*,*,#1102,.T.);
#1511=ORIENTED_EDGE('',*,*,#1089,.T.);
#1512=ORIENTED_EDGE('',*,*,#1085,.T.);
#1513=ORIENTED_EDGE('',*,*,#1095,.T.);
#1514=ORIENTED_EDGE('',*,*,#1158,.F.);
#1515=ORIENTED_EDGE('',*,*,#1119,.T.);
#1516=ORIENTED_EDGE('',*,*,#1105,.T.);
#1517=ORIENTED_EDGE('',*,*,#1157,.F.);
#1518=ORIENTED_EDGE('',*,*,#1110,.T.);
#1519=ORIENTED_EDGE('',*,*,#1159,.F.);
#1520=ORIENTED_EDGE('',*,*,#1160,.T.);
#1521=ORIENTED_EDGE('',*,*,#1161,.T.);
#1522=ORIENTED_EDGE('',*,*,#1109,.T.);
#1523=ORIENTED_EDGE('',*,*,#1162,.F.);
#1524=ORIENTED_EDGE('',*,*,#1163,.T.);
#1525=ORIENTED_EDGE('',*,*,#1159,.T.);
#1526=ORIENTED_EDGE('',*,*,#1139,.F.);
#1527=ORIENTED_EDGE('',*,*,#1145,.F.);
#1528=ORIENTED_EDGE('',*,*,#1164,.F.);
#1529=ORIENTED_EDGE('',*,*,#1165,.T.);
#1530=ORIENTED_EDGE('',*,*,#1142,.F.);
#1531=ORIENTED_EDGE('',*,*,#1165,.F.);
#1532=ORIENTED_EDGE('',*,*,#1166,.F.);
#1533=ORIENTED_EDGE('',*,*,#1146,.T.);
#1534=ORIENTED_EDGE('',*,*,#1167,.T.);
#1535=ORIENTED_EDGE('',*,*,#1168,.T.);
#1536=ORIENTED_EDGE('',*,*,#1148,.T.);
#1537=ORIENTED_EDGE('',*,*,#1169,.T.);
#1538=ORIENTED_EDGE('',*,*,#1169,.F.);
#1539=ORIENTED_EDGE('',*,*,#1155,.F.);
#1540=ORIENTED_EDGE('',*,*,#1170,.F.);
#1541=ORIENTED_EDGE('',*,*,#1171,.F.);
#1542=ORIENTED_EDGE('',*,*,#1172,.T.);
#1543=ORIENTED_EDGE('',*,*,#1170,.T.);
#1544=ORIENTED_EDGE('',*,*,#1154,.T.);
#1545=ORIENTED_EDGE('',*,*,#1173,.T.);
#1546=ORIENTED_EDGE('',*,*,#1114,.T.);
#1547=ORIENTED_EDGE('',*,*,#1174,.F.);
#1548=ORIENTED_EDGE('',*,*,#1173,.F.);
#1549=ORIENTED_EDGE('',*,*,#1153,.F.);
#1550=ORIENTED_EDGE('',*,*,#1175,.F.);
#1551=ORIENTED_EDGE('',*,*,#1121,.F.);
#1552=ORIENTED_EDGE('',*,*,#1176,.T.);
#1553=ORIENTED_EDGE('',*,*,#1177,.T.);
#1554=ORIENTED_EDGE('',*,*,#1150,.T.);
#1555=ORIENTED_EDGE('',*,*,#1178,.T.);
#1556=ORIENTED_EDGE('',*,*,#1168,.F.);
#1557=ORIENTED_EDGE('',*,*,#1179,.F.);
#1558=ORIENTED_EDGE('',*,*,#1178,.F.);
#1559=ORIENTED_EDGE('',*,*,#1149,.F.);
#1560=ORIENTED_EDGE('',*,*,#1122,.T.);
#1561=ORIENTED_EDGE('',*,*,#1175,.T.);
#1562=ORIENTED_EDGE('',*,*,#1152,.T.);
#1563=ORIENTED_EDGE('',*,*,#1180,.T.);
#1564=ORIENTED_EDGE('',*,*,#1111,.T.);
#1565=ORIENTED_EDGE('',*,*,#1161,.F.);
#1566=ORIENTED_EDGE('',*,*,#1181,.T.);
#1567=ORIENTED_EDGE('',*,*,#1182,.T.);
#1568=ORIENTED_EDGE('',*,*,#1112,.T.);
#1569=ORIENTED_EDGE('',*,*,#1182,.F.);
#1570=ORIENTED_EDGE('',*,*,#1183,.T.);
#1571=ORIENTED_EDGE('',*,*,#1162,.T.);
#1572=ORIENTED_EDGE('',*,*,#1160,.F.);
#1573=ORIENTED_EDGE('',*,*,#1163,.F.);
#1574=ORIENTED_EDGE('',*,*,#1183,.F.);
#1575=ORIENTED_EDGE('',*,*,#1181,.F.);
#1576=ORIENTED_EDGE('',*,*,#1147,.T.);
#1577=ORIENTED_EDGE('',*,*,#1166,.T.);
#1578=ORIENTED_EDGE('',*,*,#1164,.T.);
#1579=ORIENTED_EDGE('',*,*,#1144,.T.);
#1580=ORIENTED_EDGE('',*,*,#1126,.T.);
#1581=ORIENTED_EDGE('',*,*,#1123,.F.);
#1582=ORIENTED_EDGE('',*,*,#1180,.F.);
#1583=ORIENTED_EDGE('',*,*,#1151,.F.);
#1584=ORIENTED_EDGE('',*,*,#1177,.F.);
#1585=ORIENTED_EDGE('',*,*,#1184,.F.);
#1586=ORIENTED_EDGE('',*,*,#1113,.T.);
#1587=ORIENTED_EDGE('',*,*,#1120,.T.);
#1588=ORIENTED_EDGE('',*,*,#1158,.T.);
#1589=ORIENTED_EDGE('',*,*,#1156,.T.);
#1590=ORIENTED_EDGE('',*,*,#1129,.T.);
#1591=ORIENTED_EDGE('',*,*,#1127,.T.);
#1592=ORIENTED_EDGE('',*,*,#1184,.T.);
#1593=ORIENTED_EDGE('',*,*,#1176,.F.);
#1594=ORIENTED_EDGE('',*,*,#1179,.T.);
#1595=ORIENTED_EDGE('',*,*,#1167,.F.);
#1596=ORIENTED_EDGE('',*,*,#1171,.T.);
#1597=ORIENTED_EDGE('',*,*,#1172,.F.);
#1598=ORIENTED_EDGE('',*,*,#1174,.T.);
#1599=ORIENTED_EDGE('',*,*,#1185,.T.);
#1600=ORIENTED_EDGE('',*,*,#1186,.T.);
#1601=ORIENTED_EDGE('',*,*,#1187,.F.);
#1602=ORIENTED_EDGE('',*,*,#1186,.F.);
#1603=ORIENTED_EDGE('',*,*,#1185,.F.);
#1604=ORIENTED_EDGE('',*,*,#1188,.F.);
#1605=ORIENTED_EDGE('',*,*,#1189,.T.);
#1606=ORIENTED_EDGE('',*,*,#1190,.T.);
#1607=ORIENTED_EDGE('',*,*,#1189,.F.);
#1608=ORIENTED_EDGE('',*,*,#1190,.F.);
#1609=ORIENTED_EDGE('',*,*,#1191,.F.);
#1610=ORIENTED_EDGE('',*,*,#1192,.T.);
#1611=ORIENTED_EDGE('',*,*,#1193,.T.);
#1612=ORIENTED_EDGE('',*,*,#1194,.F.);
#1613=ORIENTED_EDGE('',*,*,#1188,.T.);
#1614=ORIENTED_EDGE('',*,*,#1195,.F.);
#1615=ORIENTED_EDGE('',*,*,#1196,.T.);
#1616=ORIENTED_EDGE('',*,*,#1197,.T.);
#1617=ORIENTED_EDGE('',*,*,#1192,.F.);
#1618=ORIENTED_EDGE('',*,*,#1198,.F.);
#1619=ORIENTED_EDGE('',*,*,#1199,.T.);
#1620=ORIENTED_EDGE('',*,*,#1200,.T.);
#1621=ORIENTED_EDGE('',*,*,#1196,.F.);
#1622=ORIENTED_EDGE('',*,*,#1187,.T.);
#1623=ORIENTED_EDGE('',*,*,#1201,.F.);
#1624=ORIENTED_EDGE('',*,*,#1194,.T.);
#1625=ORIENTED_EDGE('',*,*,#1202,.T.);
#1626=ORIENTED_EDGE('',*,*,#1199,.F.);
#1627=ORIENTED_EDGE('',*,*,#1202,.F.);
#1628=ORIENTED_EDGE('',*,*,#1193,.F.);
#1629=ORIENTED_EDGE('',*,*,#1197,.F.);
#1630=ORIENTED_EDGE('',*,*,#1200,.F.);
#1631=ORIENTED_EDGE('',*,*,#1203,.T.);
#1632=ORIENTED_EDGE('',*,*,#1204,.T.);
#1633=ORIENTED_EDGE('',*,*,#1205,.T.);
#1634=ORIENTED_EDGE('',*,*,#1206,.T.);
#1635=ORIENTED_EDGE('',*,*,#1204,.F.);
#1636=ORIENTED_EDGE('',*,*,#1207,.F.);
#1637=ORIENTED_EDGE('',*,*,#1208,.F.);
#1638=ORIENTED_EDGE('',*,*,#1209,.F.);
#1639=ORIENTED_EDGE('',*,*,#1203,.F.);
#1640=ORIENTED_EDGE('',*,*,#1210,.T.);
#1641=ORIENTED_EDGE('',*,*,#1211,.T.);
#1642=ORIENTED_EDGE('',*,*,#1212,.T.);
#1643=ORIENTED_EDGE('',*,*,#1213,.F.);
#1644=ORIENTED_EDGE('',*,*,#1207,.T.);
#1645=ORIENTED_EDGE('',*,*,#1214,.T.);
#1646=ORIENTED_EDGE('',*,*,#1208,.T.);
#1647=ORIENTED_EDGE('',*,*,#1213,.T.);
#1648=ORIENTED_EDGE('',*,*,#1215,.T.);
#1649=ORIENTED_EDGE('',*,*,#1215,.F.);
#1650=ORIENTED_EDGE('',*,*,#1212,.F.);
#1651=ORIENTED_EDGE('',*,*,#1216,.F.);
#1652=ORIENTED_EDGE('',*,*,#1217,.F.);
#1653=ORIENTED_EDGE('',*,*,#1218,.T.);
#1654=ORIENTED_EDGE('',*,*,#1219,.T.);
#1655=ORIENTED_EDGE('',*,*,#1220,.T.);
#1656=ORIENTED_EDGE('',*,*,#1221,.T.);
#1657=ORIENTED_EDGE('',*,*,#1218,.F.);
#1658=ORIENTED_EDGE('',*,*,#1222,.T.);
#1659=ORIENTED_EDGE('',*,*,#1223,.F.);
#1660=ORIENTED_EDGE('',*,*,#1224,.T.);
#1661=ORIENTED_EDGE('',*,*,#1225,.T.);
#1662=ORIENTED_EDGE('',*,*,#1226,.T.);
#1663=ORIENTED_EDGE('',*,*,#1221,.F.);
#1664=ORIENTED_EDGE('',*,*,#1227,.F.);
#1665=ORIENTED_EDGE('',*,*,#1228,.F.);
#1666=ORIENTED_EDGE('',*,*,#1222,.F.);
#1667=ORIENTED_EDGE('',*,*,#1229,.T.);
#1668=ORIENTED_EDGE('',*,*,#1230,.T.);
#1669=ORIENTED_EDGE('',*,*,#1223,.T.);
#1670=ORIENTED_EDGE('',*,*,#1228,.T.);
#1671=ORIENTED_EDGE('',*,*,#1230,.F.);
#1672=ORIENTED_EDGE('',*,*,#1231,.F.);
#1673=ORIENTED_EDGE('',*,*,#1232,.F.);
#1674=ORIENTED_EDGE('',*,*,#1233,.T.);
#1675=ORIENTED_EDGE('',*,*,#1234,.F.);
#1676=ORIENTED_EDGE('',*,*,#1224,.F.);
#1677=ORIENTED_EDGE('',*,*,#1220,.F.);
#1678=ORIENTED_EDGE('',*,*,#1235,.T.);
#1679=ORIENTED_EDGE('',*,*,#1236,.T.);
#1680=ORIENTED_EDGE('',*,*,#1231,.T.);
#1681=ORIENTED_EDGE('',*,*,#1229,.F.);
#1682=ORIENTED_EDGE('',*,*,#1227,.T.);
#1683=ORIENTED_EDGE('',*,*,#1206,.F.);
#1684=ORIENTED_EDGE('',*,*,#1237,.F.);
#1685=ORIENTED_EDGE('',*,*,#1238,.F.);
#1686=ORIENTED_EDGE('',*,*,#1210,.F.);
#1687=ORIENTED_EDGE('',*,*,#1205,.F.);
#1688=ORIENTED_EDGE('',*,*,#1209,.T.);
#1689=ORIENTED_EDGE('',*,*,#1214,.F.);
#1690=ORIENTED_EDGE('',*,*,#1217,.T.);
#1691=ORIENTED_EDGE('',*,*,#1239,.T.);
#1692=ORIENTED_EDGE('',*,*,#1237,.T.);
#1693=ORIENTED_EDGE('',*,*,#1240,.T.);
#1694=ORIENTED_EDGE('',*,*,#1233,.F.);
#1695=ORIENTED_EDGE('',*,*,#1241,.T.);
#1696=ORIENTED_EDGE('',*,*,#1242,.F.);
#1697=ORIENTED_EDGE('',*,*,#1219,.F.);
#1698=ORIENTED_EDGE('',*,*,#1226,.F.);
#1699=ORIENTED_EDGE('',*,*,#1243,.F.);
#1700=ORIENTED_EDGE('',*,*,#1242,.T.);
#1701=ORIENTED_EDGE('',*,*,#1244,.F.);
#1702=ORIENTED_EDGE('',*,*,#1235,.F.);
#1703=ORIENTED_EDGE('',*,*,#1234,.T.);
#1704=ORIENTED_EDGE('',*,*,#1245,.T.);
#1705=ORIENTED_EDGE('',*,*,#1246,.F.);
#1706=ORIENTED_EDGE('',*,*,#1247,.T.);
#1707=ORIENTED_EDGE('',*,*,#1243,.T.);
#1708=ORIENTED_EDGE('',*,*,#1248,.T.);
#1709=ORIENTED_EDGE('',*,*,#1249,.T.);
#1710=ORIENTED_EDGE('',*,*,#1250,.T.);
#1711=ORIENTED_EDGE('',*,*,#1244,.T.);
#1712=ORIENTED_EDGE('',*,*,#1251,.T.);
#1713=ORIENTED_EDGE('',*,*,#1252,.T.);
#1714=ORIENTED_EDGE('',*,*,#1253,.F.);
#1715=ORIENTED_EDGE('',*,*,#1232,.T.);
#1716=ORIENTED_EDGE('',*,*,#1254,.F.);
#1717=ORIENTED_EDGE('',*,*,#1255,.F.);
#1718=ORIENTED_EDGE('',*,*,#1256,.T.);
#1719=ORIENTED_EDGE('',*,*,#1238,.T.);
#1720=ORIENTED_EDGE('',*,*,#1257,.F.);
#1721=ORIENTED_EDGE('',*,*,#1258,.F.);
#1722=ORIENTED_EDGE('',*,*,#1259,.T.);
#1723=ORIENTED_EDGE('',*,*,#1256,.F.);
#1724=ORIENTED_EDGE('',*,*,#1260,.F.);
#1725=ORIENTED_EDGE('',*,*,#1261,.F.);
#1726=ORIENTED_EDGE('',*,*,#1262,.T.);
#1727=ORIENTED_EDGE('',*,*,#1251,.F.);
#1728=ORIENTED_EDGE('',*,*,#1241,.F.);
#1729=ORIENTED_EDGE('',*,*,#1250,.F.);
#1730=ORIENTED_EDGE('',*,*,#1263,.F.);
#1731=ORIENTED_EDGE('',*,*,#1264,.F.);
#1732=ORIENTED_EDGE('',*,*,#1265,.F.);
#1733=ORIENTED_EDGE('',*,*,#1245,.F.);
#1734=ORIENTED_EDGE('',*,*,#1240,.F.);
#1735=ORIENTED_EDGE('',*,*,#1265,.T.);
#1736=ORIENTED_EDGE('',*,*,#1266,.T.);
#1737=ORIENTED_EDGE('',*,*,#1267,.T.);
#1738=ORIENTED_EDGE('',*,*,#1268,.T.);
#1739=ORIENTED_EDGE('',*,*,#1269,.T.);
#1740=ORIENTED_EDGE('',*,*,#1246,.T.);
#1741=ORIENTED_EDGE('',*,*,#1264,.T.);
#1742=ORIENTED_EDGE('',*,*,#1270,.T.);
#1743=ORIENTED_EDGE('',*,*,#1271,.F.);
#1744=ORIENTED_EDGE('',*,*,#1272,.F.);
#1745=ORIENTED_EDGE('',*,*,#1266,.F.);
#1746=ORIENTED_EDGE('',*,*,#1262,.F.);
#1747=ORIENTED_EDGE('',*,*,#1273,.F.);
#1748=ORIENTED_EDGE('',*,*,#1274,.F.);
#1749=ORIENTED_EDGE('',*,*,#1275,.T.);
#1750=ORIENTED_EDGE('',*,*,#1276,.F.);
#1751=ORIENTED_EDGE('',*,*,#1277,.F.);
#1752=ORIENTED_EDGE('',*,*,#1278,.F.);
#1753=ORIENTED_EDGE('',*,*,#1279,.F.);
#1754=ORIENTED_EDGE('',*,*,#1280,.F.);
#1755=ORIENTED_EDGE('',*,*,#1281,.F.);
#1756=ORIENTED_EDGE('',*,*,#1270,.F.);
#1757=ORIENTED_EDGE('',*,*,#1263,.T.);
#1758=ORIENTED_EDGE('',*,*,#1282,.F.);
#1759=ORIENTED_EDGE('',*,*,#1283,.F.);
#1760=ORIENTED_EDGE('',*,*,#1284,.F.);
#1761=ORIENTED_EDGE('',*,*,#1285,.F.);
#1762=ORIENTED_EDGE('',*,*,#1286,.F.);
#1763=ORIENTED_EDGE('',*,*,#1287,.F.);
#1764=ORIENTED_EDGE('',*,*,#1275,.F.);
#1765=ORIENTED_EDGE('',*,*,#1284,.T.);
#1766=ORIENTED_EDGE('',*,*,#1288,.F.);
#1767=ORIENTED_EDGE('',*,*,#1289,.F.);
#1768=ORIENTED_EDGE('',*,*,#1290,.F.);
#1769=ORIENTED_EDGE('',*,*,#1291,.F.);
#1770=ORIENTED_EDGE('',*,*,#1292,.F.);
#1771=ORIENTED_EDGE('',*,*,#1293,.F.);
#1772=ORIENTED_EDGE('',*,*,#1294,.F.);
#1773=ORIENTED_EDGE('',*,*,#1295,.T.);
#1774=ORIENTED_EDGE('',*,*,#1296,.F.);
#1775=ORIENTED_EDGE('',*,*,#1297,.F.);
#1776=ORIENTED_EDGE('',*,*,#1298,.F.);
#1777=ORIENTED_EDGE('',*,*,#1252,.F.);
#1778=ORIENTED_EDGE('',*,*,#1280,.T.);
#1779=ORIENTED_EDGE('',*,*,#1276,.T.);
#1780=ORIENTED_EDGE('',*,*,#1287,.T.);
#1781=ORIENTED_EDGE('',*,*,#1299,.T.);
#1782=ORIENTED_EDGE('',*,*,#1300,.F.);
#1783=ORIENTED_EDGE('',*,*,#1301,.F.);
#1784=ORIENTED_EDGE('',*,*,#1302,.T.);
#1785=ORIENTED_EDGE('',*,*,#1295,.F.);
#1786=ORIENTED_EDGE('',*,*,#1303,.F.);
#1787=ORIENTED_EDGE('',*,*,#1304,.F.);
#1788=ORIENTED_EDGE('',*,*,#1305,.F.);
#1789=ORIENTED_EDGE('',*,*,#1306,.T.);
#1790=ORIENTED_EDGE('',*,*,#1307,.F.);
#1791=ORIENTED_EDGE('',*,*,#1308,.F.);
#1792=ORIENTED_EDGE('',*,*,#1277,.T.);
#1793=ORIENTED_EDGE('',*,*,#1279,.T.);
#1794=ORIENTED_EDGE('',*,*,#1309,.T.);
#1795=ORIENTED_EDGE('',*,*,#1274,.T.);
#1796=ORIENTED_EDGE('',*,*,#1310,.T.);
#1797=ORIENTED_EDGE('',*,*,#1311,.T.);
#1798=ORIENTED_EDGE('',*,*,#1312,.T.);
#1799=ORIENTED_EDGE('',*,*,#1313,.T.);
#1800=ORIENTED_EDGE('',*,*,#1300,.T.);
#1801=ORIENTED_EDGE('',*,*,#1314,.T.);
#1802=ORIENTED_EDGE('',*,*,#1285,.T.);
#1803=ORIENTED_EDGE('',*,*,#1281,.T.);
#1804=ORIENTED_EDGE('',*,*,#1308,.T.);
#1805=ORIENTED_EDGE('',*,*,#1315,.T.);
#1806=ORIENTED_EDGE('',*,*,#1271,.T.);
#1807=ORIENTED_EDGE('',*,*,#1286,.T.);
#1808=ORIENTED_EDGE('',*,*,#1314,.F.);
#1809=ORIENTED_EDGE('',*,*,#1299,.F.);
#1810=ORIENTED_EDGE('',*,*,#1316,.F.);
#1811=ORIENTED_EDGE('',*,*,#1317,.F.);
#1812=ORIENTED_EDGE('',*,*,#1318,.F.);
#1813=ORIENTED_EDGE('',*,*,#1302,.F.);
#1814=ORIENTED_EDGE('',*,*,#1319,.F.);
#1815=ORIENTED_EDGE('',*,*,#1306,.F.);
#1816=ORIENTED_EDGE('',*,*,#1320,.F.);
#1817=ORIENTED_EDGE('',*,*,#1268,.F.);
#1818=ORIENTED_EDGE('',*,*,#1239,.F.);
#1819=ORIENTED_EDGE('',*,*,#1321,.T.);
#1820=ORIENTED_EDGE('',*,*,#1296,.T.);
#1821=ORIENTED_EDGE('',*,*,#1318,.T.);
#1822=ORIENTED_EDGE('',*,*,#1322,.F.);
#1823=ORIENTED_EDGE('',*,*,#1257,.T.);
#1824=ORIENTED_EDGE('',*,*,#1225,.F.);
#1825=ORIENTED_EDGE('',*,*,#1247,.F.);
#1826=ORIENTED_EDGE('',*,*,#1269,.F.);
#1827=ORIENTED_EDGE('',*,*,#1320,.T.);
#1828=ORIENTED_EDGE('',*,*,#1305,.T.);
#1829=ORIENTED_EDGE('',*,*,#1323,.T.);
#1830=ORIENTED_EDGE('',*,*,#1248,.F.);
#1831=ORIENTED_EDGE('',*,*,#1316,.T.);
#1832=ORIENTED_EDGE('',*,*,#1301,.T.);
#1833=ORIENTED_EDGE('',*,*,#1313,.F.);
#1834=ORIENTED_EDGE('',*,*,#1324,.F.);
#1835=ORIENTED_EDGE('',*,*,#1325,.F.);
#1836=ORIENTED_EDGE('',*,*,#1278,.T.);
#1837=ORIENTED_EDGE('',*,*,#1309,.F.);
#1838=ORIENTED_EDGE('',*,*,#1326,.T.);
#1839=ORIENTED_EDGE('',*,*,#1327,.T.);
#1840=ORIENTED_EDGE('',*,*,#1328,.T.);
#1841=ORIENTED_EDGE('',*,*,#1329,.T.);
#1842=ORIENTED_EDGE('',*,*,#1330,.T.);
#1843=ORIENTED_EDGE('',*,*,#1331,.T.);
#1844=ORIENTED_EDGE('',*,*,#1332,.T.);
#1845=ORIENTED_EDGE('',*,*,#1333,.T.);
#1846=ORIENTED_EDGE('',*,*,#1191,.T.);
#1847=ORIENTED_EDGE('',*,*,#1201,.T.);
#1848=ORIENTED_EDGE('',*,*,#1198,.T.);
#1849=ORIENTED_EDGE('',*,*,#1195,.T.);
#1850=ORIENTED_EDGE('',*,*,#1293,.T.);
#1851=ORIENTED_EDGE('',*,*,#1334,.T.);
#1852=ORIENTED_EDGE('',*,*,#1326,.F.);
#1853=ORIENTED_EDGE('',*,*,#1335,.F.);
#1854=ORIENTED_EDGE('',*,*,#1303,.T.);
#1855=ORIENTED_EDGE('',*,*,#1294,.T.);
#1856=ORIENTED_EDGE('',*,*,#1335,.T.);
#1857=ORIENTED_EDGE('',*,*,#1333,.F.);
#1858=ORIENTED_EDGE('',*,*,#1336,.F.);
#1859=ORIENTED_EDGE('',*,*,#1337,.T.);
#1860=ORIENTED_EDGE('',*,*,#1338,.T.);
#1861=ORIENTED_EDGE('',*,*,#1336,.T.);
#1862=ORIENTED_EDGE('',*,*,#1332,.F.);
#1863=ORIENTED_EDGE('',*,*,#1339,.F.);
#1864=ORIENTED_EDGE('',*,*,#1283,.T.);
#1865=ORIENTED_EDGE('',*,*,#1340,.T.);
#1866=ORIENTED_EDGE('',*,*,#1339,.T.);
#1867=ORIENTED_EDGE('',*,*,#1331,.F.);
#1868=ORIENTED_EDGE('',*,*,#1341,.F.);
#1869=ORIENTED_EDGE('',*,*,#1288,.T.);
#1870=ORIENTED_EDGE('',*,*,#1289,.T.);
#1871=ORIENTED_EDGE('',*,*,#1341,.T.);
#1872=ORIENTED_EDGE('',*,*,#1330,.F.);
#1873=ORIENTED_EDGE('',*,*,#1342,.F.);
#1874=ORIENTED_EDGE('',*,*,#1290,.T.);
#1875=ORIENTED_EDGE('',*,*,#1342,.T.);
#1876=ORIENTED_EDGE('',*,*,#1329,.F.);
#1877=ORIENTED_EDGE('',*,*,#1343,.F.);
#1878=ORIENTED_EDGE('',*,*,#1291,.T.);
#1879=ORIENTED_EDGE('',*,*,#1343,.T.);
#1880=ORIENTED_EDGE('',*,*,#1328,.F.);
#1881=ORIENTED_EDGE('',*,*,#1344,.F.);
#1882=ORIENTED_EDGE('',*,*,#1292,.T.);
#1883=ORIENTED_EDGE('',*,*,#1344,.T.);
#1884=ORIENTED_EDGE('',*,*,#1327,.F.);
#1885=ORIENTED_EDGE('',*,*,#1334,.F.);
#1886=ORIENTED_EDGE('',*,*,#1282,.T.);
#1887=ORIENTED_EDGE('',*,*,#1249,.F.);
#1888=ORIENTED_EDGE('',*,*,#1323,.F.);
#1889=ORIENTED_EDGE('',*,*,#1304,.T.);
#1890=ORIENTED_EDGE('',*,*,#1337,.F.);
#1891=ORIENTED_EDGE('',*,*,#1338,.F.);
#1892=ORIENTED_EDGE('',*,*,#1340,.F.);
#1893=ORIENTED_EDGE('',*,*,#1236,.F.);
#1894=ORIENTED_EDGE('',*,*,#1253,.T.);
#1895=ORIENTED_EDGE('',*,*,#1298,.T.);
#1896=ORIENTED_EDGE('',*,*,#1345,.F.);
#1897=ORIENTED_EDGE('',*,*,#1211,.F.);
#1898=ORIENTED_EDGE('',*,*,#1259,.F.);
#1899=ORIENTED_EDGE('',*,*,#1346,.F.);
#1900=ORIENTED_EDGE('',*,*,#1254,.T.);
#1901=ORIENTED_EDGE('',*,*,#1216,.T.);
#1902=ORIENTED_EDGE('',*,*,#1345,.T.);
#1903=ORIENTED_EDGE('',*,*,#1297,.T.);
#1904=ORIENTED_EDGE('',*,*,#1321,.F.);
#1905=ORIENTED_EDGE('',*,*,#1347,.F.);
#1906=ORIENTED_EDGE('',*,*,#1324,.T.);
#1907=ORIENTED_EDGE('',*,*,#1312,.F.);
#1908=ORIENTED_EDGE('',*,*,#1348,.F.);
#1909=ORIENTED_EDGE('',*,*,#1349,.F.);
#1910=ORIENTED_EDGE('',*,*,#1348,.T.);
#1911=ORIENTED_EDGE('',*,*,#1311,.F.);
#1912=ORIENTED_EDGE('',*,*,#1350,.F.);
#1913=ORIENTED_EDGE('',*,*,#1261,.T.);
#1914=ORIENTED_EDGE('',*,*,#1351,.F.);
#1915=ORIENTED_EDGE('',*,*,#1350,.T.);
#1916=ORIENTED_EDGE('',*,*,#1310,.F.);
#1917=ORIENTED_EDGE('',*,*,#1273,.T.);
#1918=ORIENTED_EDGE('',*,*,#1319,.T.);
#1919=ORIENTED_EDGE('',*,*,#1267,.F.);
#1920=ORIENTED_EDGE('',*,*,#1272,.T.);
#1921=ORIENTED_EDGE('',*,*,#1315,.F.);
#1922=ORIENTED_EDGE('',*,*,#1307,.T.);
#1923=ORIENTED_EDGE('',*,*,#1260,.T.);
#1924=ORIENTED_EDGE('',*,*,#1255,.T.);
#1925=ORIENTED_EDGE('',*,*,#1346,.T.);
#1926=ORIENTED_EDGE('',*,*,#1258,.T.);
#1927=ORIENTED_EDGE('',*,*,#1322,.T.);
#1928=ORIENTED_EDGE('',*,*,#1317,.T.);
#1929=ORIENTED_EDGE('',*,*,#1325,.T.);
#1930=ORIENTED_EDGE('',*,*,#1347,.T.);
#1931=ORIENTED_EDGE('',*,*,#1349,.T.);
#1932=ORIENTED_EDGE('',*,*,#1351,.T.);
#1933=ORIENTED_EDGE('',*,*,#1352,.F.);
#1934=ORIENTED_EDGE('',*,*,#1353,.T.);
#1935=ORIENTED_EDGE('',*,*,#1354,.T.);
#1936=ORIENTED_EDGE('',*,*,#1352,.T.);
#1937=ORIENTED_EDGE('',*,*,#1354,.F.);
#1938=ORIENTED_EDGE('',*,*,#1353,.F.);
#1939=ORIENTED_EDGE('',*,*,#1355,.F.);
#1940=ORIENTED_EDGE('',*,*,#1356,.T.);
#1941=ORIENTED_EDGE('',*,*,#1357,.T.);
#1942=ORIENTED_EDGE('',*,*,#1355,.T.);
#1943=ORIENTED_EDGE('',*,*,#1357,.F.);
#1944=ORIENTED_EDGE('',*,*,#1356,.F.);
#1945=ORIENTED_EDGE('',*,*,#1358,.F.);
#1946=ORIENTED_EDGE('',*,*,#1359,.F.);
#1947=ORIENTED_EDGE('',*,*,#1360,.F.);
#1948=ORIENTED_EDGE('',*,*,#1361,.T.);
#1949=ORIENTED_EDGE('',*,*,#1362,.F.);
#1950=ORIENTED_EDGE('',*,*,#1361,.F.);
#1951=ORIENTED_EDGE('',*,*,#1363,.F.);
#1952=ORIENTED_EDGE('',*,*,#1364,.F.);
#1953=ORIENTED_EDGE('',*,*,#1365,.F.);
#1954=ORIENTED_EDGE('',*,*,#1366,.F.);
#1955=ORIENTED_EDGE('',*,*,#1367,.F.);
#1956=ORIENTED_EDGE('',*,*,#1359,.T.);
#1957=ORIENTED_EDGE('',*,*,#1365,.T.);
#1958=ORIENTED_EDGE('',*,*,#1358,.T.);
#1959=ORIENTED_EDGE('',*,*,#1362,.T.);
#1960=ORIENTED_EDGE('',*,*,#1368,.T.);
#1961=ORIENTED_EDGE('',*,*,#1369,.F.);
#1962=ORIENTED_EDGE('',*,*,#1370,.F.);
#1963=ORIENTED_EDGE('',*,*,#1371,.F.);
#1964=ORIENTED_EDGE('',*,*,#1372,.T.);
#1965=ORIENTED_EDGE('',*,*,#1364,.T.);
#1966=ORIENTED_EDGE('',*,*,#1373,.F.);
#1967=ORIENTED_EDGE('',*,*,#1374,.F.);
#1968=ORIENTED_EDGE('',*,*,#1368,.F.);
#1969=ORIENTED_EDGE('',*,*,#1366,.T.);
#1970=ORIENTED_EDGE('',*,*,#1372,.F.);
#1971=ORIENTED_EDGE('',*,*,#1375,.F.);
#1972=ORIENTED_EDGE('',*,*,#1376,.F.);
#1973=ORIENTED_EDGE('',*,*,#1374,.T.);
#1974=ORIENTED_EDGE('',*,*,#1377,.F.);
#1975=ORIENTED_EDGE('',*,*,#1378,.T.);
#1976=ORIENTED_EDGE('',*,*,#1379,.F.);
#1977=ORIENTED_EDGE('',*,*,#1369,.T.);
#1978=ORIENTED_EDGE('',*,*,#1380,.F.);
#1979=ORIENTED_EDGE('',*,*,#1379,.T.);
#1980=ORIENTED_EDGE('',*,*,#1381,.T.);
#1981=ORIENTED_EDGE('',*,*,#1382,.T.);
#1982=ORIENTED_EDGE('',*,*,#1370,.T.);
#1983=ORIENTED_EDGE('',*,*,#1375,.T.);
#1984=ORIENTED_EDGE('',*,*,#1371,.T.);
#1985=ORIENTED_EDGE('',*,*,#1382,.F.);
#1986=ORIENTED_EDGE('',*,*,#1383,.T.);
#1987=ORIENTED_EDGE('',*,*,#1384,.F.);
#1988=ORIENTED_EDGE('',*,*,#1385,.F.);
#1989=ORIENTED_EDGE('',*,*,#1381,.F.);
#1990=ORIENTED_EDGE('',*,*,#1378,.F.);
#1991=ORIENTED_EDGE('',*,*,#1386,.F.);
#1992=ORIENTED_EDGE('',*,*,#1383,.F.);
#1993=ORIENTED_EDGE('',*,*,#1367,.T.);
#1994=ORIENTED_EDGE('',*,*,#1376,.T.);
#1995=ORIENTED_EDGE('',*,*,#1384,.T.);
#1996=ORIENTED_EDGE('',*,*,#1386,.T.);
#1997=ORIENTED_EDGE('',*,*,#1377,.T.);
#1998=ORIENTED_EDGE('',*,*,#1373,.T.);
#1999=ORIENTED_EDGE('',*,*,#1363,.T.);
#2000=ORIENTED_EDGE('',*,*,#1360,.T.);
#2001=ORIENTED_EDGE('',*,*,#1387,.F.);
#2002=ORIENTED_EDGE('',*,*,#1388,.T.);
#2003=ORIENTED_EDGE('',*,*,#1385,.T.);
#2004=ORIENTED_EDGE('',*,*,#1388,.F.);
#2005=ORIENTED_EDGE('',*,*,#1380,.T.);
#2006=ORIENTED_EDGE('',*,*,#1389,.T.);
#2007=ORIENTED_EDGE('',*,*,#1390,.T.);
#2008=ORIENTED_EDGE('',*,*,#1389,.F.);
#2009=ORIENTED_EDGE('',*,*,#1387,.T.);
#2010=ORIENTED_EDGE('',*,*,#1390,.F.);
#2011=PLANE('',#2257);
#2012=PLANE('',#2258);
#2013=PLANE('',#2259);
#2014=PLANE('',#2260);
#2015=PLANE('',#2261);
#2016=PLANE('',#2262);
#2017=PLANE('',#2263);
#2018=PLANE('',#2264);
#2019=PLANE('',#2265);
#2020=PLANE('',#2266);
#2021=PLANE('',#2267);
#2022=PLANE('',#2271);
#2023=PLANE('',#2272);
#2024=PLANE('',#2277);
#2025=PLANE('',#2278);
#2026=PLANE('',#2279);
#2027=PLANE('',#2280);
#2028=PLANE('',#2281);
#2029=PLANE('',#2282);
#2030=PLANE('',#2283);
#2031=PLANE('',#2284);
#2032=PLANE('',#2289);
#2033=PLANE('',#2290);
#2034=PLANE('',#2291);
#2035=PLANE('',#2292);
#2036=PLANE('',#2293);
#2037=PLANE('',#2294);
#2038=PLANE('',#2297);
#2039=PLANE('',#2300);
#2040=PLANE('',#2303);
#2041=PLANE('',#2305);
#2042=PLANE('',#2306);
#2043=PLANE('',#2307);
#2044=PLANE('',#2308);
#2045=PLANE('',#2309);
#2046=PLANE('',#2313);
#2047=PLANE('',#2317);
#2048=PLANE('',#2318);
#2049=PLANE('',#2319);
#2050=PLANE('',#2320);
#2051=PLANE('',#2321);
#2052=PLANE('',#2322);
#2053=PLANE('',#2326);
#2054=PLANE('',#2327);
#2055=PLANE('',#2331);
#2056=PLANE('',#2335);
#2057=PLANE('',#2337);
#2058=PLANE('',#2340);
#2059=PLANE('',#2341);
#2060=PLANE('',#2342);
#2061=PLANE('',#2343);
#2062=PLANE('',#2344);
#2063=PLANE('',#2345);
#2064=PLANE('',#2346);
#2065=PLANE('',#2347);
#2066=PLANE('',#2348);
#2067=PLANE('',#2349);
#2068=PLANE('',#2350);
#2069=PLANE('',#2351);
#2070=PLANE('',#2352);
#2071=PLANE('',#2353);
#2072=PLANE('',#2354);
#2073=PLANE('',#2364);
#2074=PLANE('',#2365);
#2075=PLANE('',#2377);
#2076=PLANE('',#2378);
#2077=PLANE('',#2379);
#2078=PLANE('',#2380);
#2079=PLANE('',#2381);
#2080=PLANE('',#2382);
#2081=PLANE('',#2383);
#2082=PLANE('',#2384);
#2083=PLANE('',#2385);
#2084=PLANE('',#2386);
#2085=PLANE('',#2392);
#2086=PLANE('',#2395);
#2087=PLANE('',#2397);
#2088=PLANE('',#2399);
#2089=PLANE('',#2400);
#2090=PLANE('',#2401);
#2091=PLANE('',#2402);
#2092=PLANE('',#2403);
#2093=PLANE('',#2404);
#2094=PLANE('',#2405);
#2095=PLANE('',#2406);
#2096=PLANE('',#2407);
#2097=PLANE('',#2408);
#2098=PLANE('',#2412);
#2099=PLANE('',#2413);
#2100=PLANE('',#2417);
#2101=PLANE('',#2418);
#2102=PLANE('',#2419);
#2103=PLANE('',#2420);
#2104=PLANE('',#2421);
#2105=PLANE('',#2422);
#2106=PLANE('',#2423);
#2107=PLANE('',#2424);
#2108=PLANE('',#2429);
#2109=PLANE('',#2431);
#2110=PLANE('',#2432);
#2111=PLANE('',#2437);
#2112=PLANE('',#2438);
#2113=ADVANCED_FACE('',(#111),#2011,.T.);
#2114=ADVANCED_FACE('',(#112),#2012,.F.);
#2115=ADVANCED_FACE('',(#113),#2013,.F.);
#2116=ADVANCED_FACE('',(#114),#2014,.F.);
#2117=ADVANCED_FACE('',(#115),#2015,.F.);
#2118=ADVANCED_FACE('',(#116),#2016,.T.);
#2119=ADVANCED_FACE('',(#117),#2017,.T.);
#2120=ADVANCED_FACE('',(#118),#2018,.F.);
#2121=ADVANCED_FACE('',(#119),#2019,.F.);
#2122=ADVANCED_FACE('',(#120),#2020,.F.);
#2123=ADVANCED_FACE('',(#121,#101),#2021,.F.);
#2124=ADVANCED_FACE('',(#122),#77,.F.);
#2125=ADVANCED_FACE('',(#123,#102),#2022,.F.);
#2126=ADVANCED_FACE('',(#124),#2023,.T.);
#2127=ADVANCED_FACE('',(#125),#78,.F.);
#2128=ADVANCED_FACE('',(#126),#2024,.F.);
#2129=ADVANCED_FACE('',(#127),#2025,.T.);
#2130=ADVANCED_FACE('',(#128),#2026,.T.);
#2131=ADVANCED_FACE('',(#129),#2027,.T.);
#2132=ADVANCED_FACE('',(#130),#2028,.T.);
#2133=ADVANCED_FACE('',(#131),#2029,.F.);
#2134=ADVANCED_FACE('',(#132),#2030,.F.);
#2135=ADVANCED_FACE('',(#133,#103),#2031,.F.);
#2136=ADVANCED_FACE('',(#134,#104),#2032,.F.);
#2137=ADVANCED_FACE('',(#135),#2033,.F.);
#2138=ADVANCED_FACE('',(#136),#2034,.F.);
#2139=ADVANCED_FACE('',(#137),#2035,.F.);
#2140=ADVANCED_FACE('',(#138),#2036,.F.);
#2141=ADVANCED_FACE('',(#139),#2037,.F.);
#2142=ADVANCED_FACE('',(#140),#79,.T.);
#2143=ADVANCED_FACE('',(#141),#2038,.T.);
#2144=ADVANCED_FACE('',(#142),#80,.T.);
#2145=ADVANCED_FACE('',(#143),#2039,.T.);
#2146=ADVANCED_FACE('',(#144),#81,.T.);
#2147=ADVANCED_FACE('',(#145),#2040,.T.);
#2148=ADVANCED_FACE('',(#146),#82,.T.);
#2149=ADVANCED_FACE('',(#147),#2041,.F.);
#2150=ADVANCED_FACE('',(#148),#2042,.F.);
#2151=ADVANCED_FACE('',(#149,#105),#2043,.T.);
#2152=ADVANCED_FACE('',(#150),#2044,.T.);
#2153=ADVANCED_FACE('',(#151),#2045,.T.);
#2154=ADVANCED_FACE('',(#152),#83,.F.);
#2155=ADVANCED_FACE('',(#153),#2046,.T.);
#2156=ADVANCED_FACE('',(#154),#84,.F.);
#2157=ADVANCED_FACE('',(#155),#2047,.F.);
#2158=ADVANCED_FACE('',(#156,#106),#2048,.F.);
#2159=ADVANCED_FACE('',(#157),#2049,.F.);
#2160=ADVANCED_FACE('',(#158,#107),#2050,.F.);
#2161=ADVANCED_FACE('',(#159),#2051,.F.);
#2162=ADVANCED_FACE('',(#160),#2052,.F.);
#2163=ADVANCED_FACE('',(#161),#85,.T.);
#2164=ADVANCED_FACE('',(#162),#2053,.T.);
#2165=ADVANCED_FACE('',(#163),#2054,.T.);
#2166=ADVANCED_FACE('',(#164),#86,.T.);
#2167=ADVANCED_FACE('',(#165),#2055,.T.);
#2168=ADVANCED_FACE('',(#166),#87,.T.);
#2169=ADVANCED_FACE('',(#167),#2056,.T.);
#2170=ADVANCED_FACE('',(#168),#2057,.F.);
#2171=ADVANCED_FACE('',(#169),#88,.T.);
#2172=ADVANCED_FACE('',(#170),#2058,.F.);
#2173=ADVANCED_FACE('',(#171),#2059,.T.);
#2174=ADVANCED_FACE('',(#172),#2060,.T.);
#2175=ADVANCED_FACE('',(#173),#2061,.T.);
#2176=ADVANCED_FACE('',(#174),#2062,.T.);
#2177=ADVANCED_FACE('',(#175),#2063,.F.);
#2178=ADVANCED_FACE('',(#176),#2064,.T.);
#2179=ADVANCED_FACE('',(#177),#2065,.T.);
#2180=ADVANCED_FACE('',(#178),#2066,.T.);
#2181=ADVANCED_FACE('',(#179),#2067,.T.);
#2182=ADVANCED_FACE('',(#180),#2068,.T.);
#2183=ADVANCED_FACE('',(#181),#2069,.F.);
#2184=ADVANCED_FACE('',(#182),#2070,.F.);
#2185=ADVANCED_FACE('',(#183),#2071,.T.);
#2186=ADVANCED_FACE('',(#184),#2072,.T.);
#2187=ADVANCED_FACE('',(#185),#89,.F.);
#2188=ADVANCED_FACE('',(#186),#2073,.T.);
#2189=ADVANCED_FACE('',(#187),#2074,.F.);
#2190=ADVANCED_FACE('',(#188),#90,.F.);
#2191=ADVANCED_FACE('',(#189),#91,.F.);
#2192=ADVANCED_FACE('',(#190),#2075,.F.);
#2193=ADVANCED_FACE('',(#191),#2076,.F.);
#2194=ADVANCED_FACE('',(#192),#2077,.T.);
#2195=ADVANCED_FACE('',(#193),#2078,.F.);
#2196=ADVANCED_FACE('',(#194),#2079,.F.);
#2197=ADVANCED_FACE('',(#195),#2080,.T.);
#2198=ADVANCED_FACE('',(#196),#2081,.T.);
#2199=ADVANCED_FACE('',(#197),#2082,.T.);
#2200=ADVANCED_FACE('',(#198),#2083,.T.);
#2201=ADVANCED_FACE('',(#199,#108),#2084,.T.);
#2202=ADVANCED_FACE('',(#200),#92,.T.);
#2203=ADVANCED_FACE('',(#201),#2085,.T.);
#2204=ADVANCED_FACE('',(#202),#93,.T.);
#2205=ADVANCED_FACE('',(#203),#2086,.T.);
#2206=ADVANCED_FACE('',(#204),#94,.T.);
#2207=ADVANCED_FACE('',(#205),#2087,.T.);
#2208=ADVANCED_FACE('',(#206),#95,.T.);
#2209=ADVANCED_FACE('',(#207),#2088,.T.);
#2210=ADVANCED_FACE('',(#208),#2089,.F.);
#2211=ADVANCED_FACE('',(#209),#2090,.T.);
#2212=ADVANCED_FACE('',(#210),#2091,.T.);
#2213=ADVANCED_FACE('',(#211),#2092,.T.);
#2214=ADVANCED_FACE('',(#212),#2093,.T.);
#2215=ADVANCED_FACE('',(#213),#2094,.T.);
#2216=ADVANCED_FACE('',(#214),#2095,.T.);
#2217=ADVANCED_FACE('',(#215),#2096,.T.);
#2218=ADVANCED_FACE('',(#216),#2097,.T.);
#2219=ADVANCED_FACE('',(#217),#96,.F.);
#2220=ADVANCED_FACE('',(#218),#2098,.F.);
#2221=ADVANCED_FACE('',(#219),#2099,.T.);
#2222=ADVANCED_FACE('',(#220),#97,.F.);
#2223=ADVANCED_FACE('',(#221),#2100,.F.);
#2224=ADVANCED_FACE('',(#222),#2101,.F.);
#2225=ADVANCED_FACE('',(#223),#2102,.F.);
#2226=ADVANCED_FACE('',(#224),#2103,.F.);
#2227=ADVANCED_FACE('',(#225),#2104,.F.);
#2228=ADVANCED_FACE('',(#226),#2105,.F.);
#2229=ADVANCED_FACE('',(#227),#2106,.F.);
#2230=ADVANCED_FACE('',(#228,#109),#2107,.T.);
#2231=ADVANCED_FACE('',(#229),#98,.T.);
#2232=ADVANCED_FACE('',(#230,#110),#2108,.T.);
#2233=ADVANCED_FACE('',(#231),#2109,.F.);
#2234=ADVANCED_FACE('',(#232),#2110,.T.);
#2235=ADVANCED_FACE('',(#233),#99,.T.);
#2236=ADVANCED_FACE('',(#234),#100,.T.);
#2237=ADVANCED_FACE('',(#235),#2111,.T.);
#2238=ADVANCED_FACE('',(#236),#2112,.F.);
#2239=CLOSED_SHELL('',(#2113,#2114,#2115,#2116,#2117,#2118,#2119,#2120,
#2121,#2122,#2123,#2124,#2125,#2126,#2127,#2128,#2129,#2130,#2131,#2132,
#2133,#2134,#2135,#2136,#2137,#2138,#2139,#2140,#2141,#2142,#2143,#2144,
#2145,#2146,#2147,#2148,#2149,#2150,#2151,#2152,#2153));
#2240=CLOSED_SHELL('',(#2154,#2155,#2156,#2157,#2158,#2159,#2160,#2161,
#2162,#2163,#2164,#2165,#2166,#2167,#2168,#2169,#2170,#2171,#2172,#2173,
#2174,#2175,#2176,#2177,#2178,#2179,#2180,#2181,#2182,#2183,#2184,#2185,
#2186,#2187,#2188,#2189,#2190,#2191,#2192,#2193,#2194,#2195,#2196,#2197,
#2198,#2199,#2200,#2201,#2202,#2203,#2204,#2205,#2206,#2207,#2208,#2209,
#2210,#2211,#2212,#2213,#2214,#2215,#2216,#2217));
#2241=CLOSED_SHELL('',(#2218,#2219,#2220));
#2242=CLOSED_SHELL('',(#2221,#2222,#2223));
#2243=CLOSED_SHELL('',(#2224,#2225,#2226,#2227,#2228,#2229,#2230,#2231,
#2232,#2233,#2234,#2235,#2236,#2237,#2238));
#2244=DERIVED_UNIT_ELEMENT(#2246,1.);
#2245=DERIVED_UNIT_ELEMENT(#3701,-3.);
#2246=(
MASS_UNIT()
NAMED_UNIT(*)
SI_UNIT(.KILO.,.GRAM.)
);
#2247=DERIVED_UNIT((#2244,#2245));
#2248=MEASURE_REPRESENTATION_ITEM('density measure',
POSITIVE_RATIO_MEASURE(1060.),#2247);
#2249=PROPERTY_DEFINITION_REPRESENTATION(#2254,#2251);
#2250=PROPERTY_DEFINITION_REPRESENTATION(#2255,#2252);
#2251=REPRESENTATION('material name',(#2253),#3698);
#2252=REPRESENTATION('density',(#2248),#3698);
#2253=DESCRIPTIVE_REPRESENTATION_ITEM('ABS Plastic','ABS Plastic');
#2254=PROPERTY_DEFINITION('material property','material name',#3708);
#2255=PROPERTY_DEFINITION('material property','density of part',#3708);
#2256=AXIS2_PLACEMENT_3D('',#3059,#2439,#2440);
#2257=AXIS2_PLACEMENT_3D('',#3060,#2441,#2442);
#2258=AXIS2_PLACEMENT_3D('',#3069,#2447,#2448);
#2259=AXIS2_PLACEMENT_3D('',#3078,#2453,#2454);
#2260=AXIS2_PLACEMENT_3D('',#3084,#2458,#2459);
#2261=AXIS2_PLACEMENT_3D('',#3090,#2463,#2464);
#2262=AXIS2_PLACEMENT_3D('',#3096,#2468,#2469);
#2263=AXIS2_PLACEMENT_3D('',#3102,#2473,#2474);
#2264=AXIS2_PLACEMENT_3D('',#3104,#2476,#2477);
#2265=AXIS2_PLACEMENT_3D('',#3107,#2480,#2481);
#2266=AXIS2_PLACEMENT_3D('',#3108,#2482,#2483);
#2267=AXIS2_PLACEMENT_3D('',#3110,#2485,#2486);
#2268=AXIS2_PLACEMENT_3D('',#3127,#2495,#2496);
#2269=AXIS2_PLACEMENT_3D('',#3132,#2498,#2499);
#2270=AXIS2_PLACEMENT_3D('',#3135,#2501,#2502);
#2271=AXIS2_PLACEMENT_3D('',#3136,#2503,#2504);
#2272=AXIS2_PLACEMENT_3D('',#3143,#2509,#2510);
#2273=AXIS2_PLACEMENT_3D('',#3147,#2512,#2513);
#2274=AXIS2_PLACEMENT_3D('',#3153,#2517,#2518);
#2275=AXIS2_PLACEMENT_3D('',#3155,#2519,#2520);
#2276=AXIS2_PLACEMENT_3D('',#3158,#2522,#2523);
#2277=AXIS2_PLACEMENT_3D('',#3159,#2524,#2525);
#2278=AXIS2_PLACEMENT_3D('',#3163,#2528,#2529);
#2279=AXIS2_PLACEMENT_3D('',#3172,#2534,#2535);
#2280=AXIS2_PLACEMENT_3D('',#3178,#2539,#2540);
#2281=AXIS2_PLACEMENT_3D('',#3184,#2544,#2545);
#2282=AXIS2_PLACEMENT_3D('',#3187,#2548,#2549);
#2283=AXIS2_PLACEMENT_3D('',#3193,#2553,#2554);
#2284=AXIS2_PLACEMENT_3D('',#3197,#2557,#2558);
#2285=AXIS2_PLACEMENT_3D('',#3200,#2559,#2560);
#2286=AXIS2_PLACEMENT_3D('',#3204,#2562,#2563);
#2287=AXIS2_PLACEMENT_3D('',#3208,#2565,#2566);
#2288=AXIS2_PLACEMENT_3D('',#3212,#2568,#2569);
#2289=AXIS2_PLACEMENT_3D('',#3214,#2571,#2572);
#2290=AXIS2_PLACEMENT_3D('',#3218,#2575,#2576);
#2291=AXIS2_PLACEMENT_3D('',#3220,#2578,#2579);
#2292=AXIS2_PLACEMENT_3D('',#3226,#2583,#2584);
#2293=AXIS2_PLACEMENT_3D('',#3230,#2587,#2588);
#2294=AXIS2_PLACEMENT_3D('',#3234,#2591,#2592);
#2295=AXIS2_PLACEMENT_3D('',#3236,#2594,#2595);
#2296=AXIS2_PLACEMENT_3D('',#3239,#2596,#2597);
#2297=AXIS2_PLACEMENT_3D('',#3242,#2600,#2601);
#2298=AXIS2_PLACEMENT_3D('',#3246,#2604,#2605);
#2299=AXIS2_PLACEMENT_3D('',#3248,#2606,#2607);
#2300=AXIS2_PLACEMENT_3D('',#3250,#2609,#2610);
#2301=AXIS2_PLACEMENT_3D('',#3253,#2613,#2614);
#2302=AXIS2_PLACEMENT_3D('',#3256,#2615,#2616);
#2303=AXIS2_PLACEMENT_3D('',#3259,#2619,#2620);
#2304=AXIS2_PLACEMENT_3D('',#3261,#2622,#2623);
#2305=AXIS2_PLACEMENT_3D('',#3263,#2625,#2626);
#2306=AXIS2_PLACEMENT_3D('',#3267,#2629,#2630);
#2307=AXIS2_PLACEMENT_3D('',#3269,#2632,#2633);
#2308=AXIS2_PLACEMENT_3D('',#3270,#2634,#2635);
#2309=AXIS2_PLACEMENT_3D('',#3272,#2637,#2638);
#2310=AXIS2_PLACEMENT_3D('',#3273,#2639,#2640);
#2311=AXIS2_PLACEMENT_3D('',#3275,#2641,#2642);
#2312=AXIS2_PLACEMENT_3D('',#3278,#2644,#2645);
#2313=AXIS2_PLACEMENT_3D('',#3279,#2646,#2647);
#2314=AXIS2_PLACEMENT_3D('',#3280,#2648,#2649);
#2315=AXIS2_PLACEMENT_3D('',#3282,#2650,#2651);
#2316=AXIS2_PLACEMENT_3D('',#3285,#2653,#2654);
#2317=AXIS2_PLACEMENT_3D('',#3286,#2655,#2656);
#2318=AXIS2_PLACEMENT_3D('',#3287,#2657,#2658);
#2319=AXIS2_PLACEMENT_3D('',#3296,#2663,#2664);
#2320=AXIS2_PLACEMENT_3D('',#3302,#2668,#2669);
#2321=AXIS2_PLACEMENT_3D('',#3308,#2673,#2674);
#2322=AXIS2_PLACEMENT_3D('',#3311,#2677,#2678);
#2323=AXIS2_PLACEMENT_3D('',#3312,#2679,#2680);
#2324=AXIS2_PLACEMENT_3D('',#3315,#2681,#2682);
#2325=AXIS2_PLACEMENT_3D('',#3319,#2684,#2685);
#2326=AXIS2_PLACEMENT_3D('',#3321,#2687,#2688);
#2327=AXIS2_PLACEMENT_3D('',#3327,#2692,#2693);
#2328=AXIS2_PLACEMENT_3D('',#3334,#2697,#2698);
#2329=AXIS2_PLACEMENT_3D('',#3335,#2699,#2700);
#2330=AXIS2_PLACEMENT_3D('',#3337,#2701,#2702);
#2331=AXIS2_PLACEMENT_3D('',#3339,#2704,#2705);
#2332=AXIS2_PLACEMENT_3D('',#3343,#2708,#2709);
#2333=AXIS2_PLACEMENT_3D('',#3346,#2710,#2711);
#2334=AXIS2_PLACEMENT_3D('',#3350,#2713,#2714);
#2335=AXIS2_PLACEMENT_3D('',#3352,#2716,#2717);
#2336=AXIS2_PLACEMENT_3D('',#3356,#2719,#2720);
#2337=AXIS2_PLACEMENT_3D('',#3362,#2724,#2725);
#2338=AXIS2_PLACEMENT_3D('',#3366,#2728,#2729);
#2339=AXIS2_PLACEMENT_3D('',#3368,#2730,#2731);
#2340=AXIS2_PLACEMENT_3D('',#3370,#2733,#2734);
#2341=AXIS2_PLACEMENT_3D('',#3378,#2739,#2740);
#2342=AXIS2_PLACEMENT_3D('',#3382,#2743,#2744);
#2343=AXIS2_PLACEMENT_3D('',#3386,#2747,#2748);
#2344=AXIS2_PLACEMENT_3D('',#3388,#2750,#2751);
#2345=AXIS2_PLACEMENT_3D('',#3394,#2755,#2756);
#2346=AXIS2_PLACEMENT_3D('',#3397,#2759,#2760);
#2347=AXIS2_PLACEMENT_3D('',#3403,#2764,#2765);
#2348=AXIS2_PLACEMENT_3D('',#3409,#2769,#2770);
#2349=AXIS2_PLACEMENT_3D('',#3415,#2774,#2775);
#2350=AXIS2_PLACEMENT_3D('',#3421,#2779,#2780);
#2351=AXIS2_PLACEMENT_3D('',#3427,#2784,#2785);
#2352=AXIS2_PLACEMENT_3D('',#3433,#2789,#2790);
#2353=AXIS2_PLACEMENT_3D('',#3439,#2794,#2795);
#2354=AXIS2_PLACEMENT_3D('',#3447,#2800,#2801);
#2355=AXIS2_PLACEMENT_3D('',#3449,#2802,#2803);
#2356=AXIS2_PLACEMENT_3D('',#3453,#2806,#2807);
#2357=AXIS2_PLACEMENT_3D('',#3455,#2808,#2809);
#2358=AXIS2_PLACEMENT_3D('',#3459,#2811,#2812);
#2359=AXIS2_PLACEMENT_3D('',#3461,#2813,#2814);
#2360=AXIS2_PLACEMENT_3D('',#3463,#2815,#2816);
#2361=AXIS2_PLACEMENT_3D('',#3466,#2818,#2819);
#2362=AXIS2_PLACEMENT_3D('',#3468,#2820,#2821);
#2363=AXIS2_PLACEMENT_3D('',#3473,#2824,#2825);
#2364=AXIS2_PLACEMENT_3D('',#3475,#2827,#2828);
#2365=AXIS2_PLACEMENT_3D('',#3481,#2832,#2833);
#2366=AXIS2_PLACEMENT_3D('',#3485,#2835,#2836);
#2367=AXIS2_PLACEMENT_3D('',#3489,#2838,#2839);
#2368=AXIS2_PLACEMENT_3D('',#3493,#2841,#2842);
#2369=AXIS2_PLACEMENT_3D('',#3503,#2848,#2849);
#2370=AXIS2_PLACEMENT_3D('',#3505,#2850,#2851);
#2371=AXIS2_PLACEMENT_3D('',#3509,#2853,#2854);
#2372=AXIS2_PLACEMENT_3D('',#3512,#2856,#2857);
#2373=AXIS2_PLACEMENT_3D('',#3516,#2859,#2860);
#2374=AXIS2_PLACEMENT_3D('',#3520,#2862,#2863);
#2375=AXIS2_PLACEMENT_3D('',#3522,#2865,#2866);
#2376=AXIS2_PLACEMENT_3D('',#3523,#2867,#2868);
#2377=AXIS2_PLACEMENT_3D('',#3524,#2869,#2870);
#2378=AXIS2_PLACEMENT_3D('',#3533,#2876,#2877);
#2379=AXIS2_PLACEMENT_3D('',#3535,#2879,#2880);
#2380=AXIS2_PLACEMENT_3D('',#3536,#2881,#2882);
#2381=AXIS2_PLACEMENT_3D('',#3542,#2886,#2887);
#2382=AXIS2_PLACEMENT_3D('',#3545,#2890,#2891);
#2383=AXIS2_PLACEMENT_3D('',#3548,#2894,#2895);
#2384=AXIS2_PLACEMENT_3D('',#3550,#2897,#2898);
#2385=AXIS2_PLACEMENT_3D('',#3554,#2901,#2902);
#2386=AXIS2_PLACEMENT_3D('',#3555,#2903,#2904);
#2387=AXIS2_PLACEMENT_3D('',#3558,#2905,#2906);
#2388=AXIS2_PLACEMENT_3D('',#3562,#2908,#2909);
#2389=AXIS2_PLACEMENT_3D('',#3566,#2911,#2912);
#2390=AXIS2_PLACEMENT_3D('',#3570,#2914,#2915);
#2391=AXIS2_PLACEMENT_3D('',#3572,#2917,#2918);
#2392=AXIS2_PLACEMENT_3D('',#3575,#2921,#2922);
#2393=AXIS2_PLACEMENT_3D('',#3579,#2925,#2926);
#2394=AXIS2_PLACEMENT_3D('',#3581,#2927,#2928);
#2395=AXIS2_PLACEMENT_3D('',#3583,#2930,#2931);
#2396=AXIS2_PLACEMENT_3D('',#3586,#2934,#2935);
#2397=AXIS2_PLACEMENT_3D('',#3588,#2937,#2938);
#2398=AXIS2_PLACEMENT_3D('',#3590,#2940,#2941);
#2399=AXIS2_PLACEMENT_3D('',#3592,#2943,#2944);
#2400=AXIS2_PLACEMENT_3D('',#3593,#2945,#2946);
#2401=AXIS2_PLACEMENT_3D('',#3594,#2947,#2948);
#2402=AXIS2_PLACEMENT_3D('',#3597,#2951,#2952);
#2403=AXIS2_PLACEMENT_3D('',#3598,#2953,#2954);
#2404=AXIS2_PLACEMENT_3D('',#3602,#2957,#2958);
#2405=AXIS2_PLACEMENT_3D('',#3606,#2961,#2962);
#2406=AXIS2_PLACEMENT_3D('',#3608,#2964,#2965);
#2407=AXIS2_PLACEMENT_3D('',#3609,#2966,#2967);
#2408=AXIS2_PLACEMENT_3D('',#3610,#2968,#2969);
#2409=AXIS2_PLACEMENT_3D('',#3612,#2970,#2971);
#2410=AXIS2_PLACEMENT_3D('',#3613,#2972,#2973);
#2411=AXIS2_PLACEMENT_3D('',#3615,#2974,#2975);
#2412=AXIS2_PLACEMENT_3D('',#3617,#2977,#2978);
#2413=AXIS2_PLACEMENT_3D('',#3618,#2979,#2980);
#2414=AXIS2_PLACEMENT_3D('',#3620,#2981,#2982);
#2415=AXIS2_PLACEMENT_3D('',#3621,#2983,#2984);
#2416=AXIS2_PLACEMENT_3D('',#3623,#2985,#2986);
#2417=AXIS2_PLACEMENT_3D('',#3625,#2988,#2989);
#2418=AXIS2_PLACEMENT_3D('',#3626,#2990,#2991);
#2419=AXIS2_PLACEMENT_3D('',#3635,#2996,#2997);
#2420=AXIS2_PLACEMENT_3D('',#3641,#3001,#3002);
#2421=AXIS2_PLACEMENT_3D('',#3647,#3006,#3007);
#2422=AXIS2_PLACEMENT_3D('',#3657,#3013,#3014);
#2423=AXIS2_PLACEMENT_3D('',#3661,#3017,#3018);
#2424=AXIS2_PLACEMENT_3D('',#3665,#3021,#3022);
#2425=AXIS2_PLACEMENT_3D('',#3670,#3025,#3026);
#2426=AXIS2_PLACEMENT_3D('',#3672,#3027,#3028);
#2427=AXIS2_PLACEMENT_3D('',#3673,#3029,#3030);
#2428=AXIS2_PLACEMENT_3D('',#3676,#3032,#3033);
#2429=AXIS2_PLACEMENT_3D('',#3677,#3034,#3035);
#2430=AXIS2_PLACEMENT_3D('',#3682,#3038,#3039);
#2431=AXIS2_PLACEMENT_3D('',#3683,#3040,#3041);
#2432=AXIS2_PLACEMENT_3D('',#3685,#3043,#3044);
#2433=AXIS2_PLACEMENT_3D('',#3686,#3045,#3046);
#2434=AXIS2_PLACEMENT_3D('',#3688,#3047,#3048);
#2435=AXIS2_PLACEMENT_3D('',#3690,#3050,#3051);
#2436=AXIS2_PLACEMENT_3D('',#3693,#3053,#3054);
#2437=AXIS2_PLACEMENT_3D('',#3694,#3055,#3056);
#2438=AXIS2_PLACEMENT_3D('',#3695,#3057,#3058);
#2439=DIRECTION('axis',(0.,0.,1.));
#2440=DIRECTION('refdir',(1.,0.,0.));
#2441=DIRECTION('center_axis',(0.,0.,-1.));
#2442=DIRECTION('ref_axis',(1.,0.,0.));
#2443=DIRECTION('',(-1.,0.,0.));
#2444=DIRECTION('',(0.,-1.,0.));
#2445=DIRECTION('',(1.,0.,0.));
#2446=DIRECTION('',(0.,-1.,0.));
#2447=DIRECTION('center_axis',(0.,0.,1.));
#2448=DIRECTION('ref_axis',(1.,0.,0.));
#2449=DIRECTION('',(1.,0.,0.));
#2450=DIRECTION('',(0.,1.,0.));
#2451=DIRECTION('',(1.,0.,0.));
#2452=DIRECTION('',(0.,1.,0.));
#2453=DIRECTION('center_axis',(-1.,0.,0.));
#2454=DIRECTION('ref_axis',(0.,-1.,0.));
#2455=DIRECTION('',(0.,0.,1.));
#2456=DIRECTION('',(0.,1.,0.));
#2457=DIRECTION('',(8.88178419700124E-15,0.,1.));
#2458=DIRECTION('center_axis',(-1.,0.,0.));
#2459=DIRECTION('ref_axis',(0.,-1.,0.));
#2460=DIRECTION('',(0.,0.,-1.));
#2461=DIRECTION('',(8.88178419700124E-15,0.,1.));
#2462=DIRECTION('',(0.,-1.,0.));
#2463=DIRECTION('center_axis',(1.,0.,0.));
#2464=DIRECTION('ref_axis',(0.,1.,0.));
#2465=DIRECTION('',(0.,0.,-1.));
#2466=DIRECTION('',(0.,0.,-1.));
#2467=DIRECTION('',(0.,1.,0.));
#2468=DIRECTION('center_axis',(0.,0.,1.));
#2469=DIRECTION('ref_axis',(-1.,0.,0.));
#2470=DIRECTION('',(1.,0.,0.));
#2471=DIRECTION('',(-1.,0.,0.));
#2472=DIRECTION('',(0.,-1.,0.));
#2473=DIRECTION('center_axis',(0.,1.,0.));
#2474=DIRECTION('ref_axis',(0.,0.,1.));
#2475=DIRECTION('',(0.,0.,-1.));
#2476=DIRECTION('center_axis',(0.,0.,-1.));
#2477=DIRECTION('ref_axis',(-1.,0.,0.));
#2478=DIRECTION('',(-1.,0.,0.));
#2479=DIRECTION('',(-1.,0.,0.));
#2480=DIRECTION('center_axis',(0.,1.,0.));
#2481=DIRECTION('ref_axis',(0.,0.,1.));
#2482=DIRECTION('center_axis',(1.,0.,0.));
#2483=DIRECTION('ref_axis',(0.,1.,0.));
#2484=DIRECTION('',(0.,0.,1.));
#2485=DIRECTION('center_axis',(0.,0.,-1.));
#2486=DIRECTION('ref_axis',(-1.,0.,0.));
#2487=DIRECTION('',(0.,1.,0.));
#2488=DIRECTION('',(-1.,0.,0.));
#2489=DIRECTION('',(0.,-1.,0.));
#2490=DIRECTION('',(1.,0.,0.));
#2491=DIRECTION('',(0.,1.,0.));
#2492=DIRECTION('',(1.,0.,0.));
#2493=DIRECTION('',(0.,-1.,0.));
#2494=DIRECTION('',(-1.,0.,0.));
#2495=DIRECTION('center_axis',(0.,1.,0.));
#2496=DIRECTION('ref_axis',(1.,0.,0.));
#2497=DIRECTION('',(0.,1.,0.));
#2498=DIRECTION('center_axis',(0.,1.,0.));
#2499=DIRECTION('ref_axis',(1.,0.,0.));
#2500=DIRECTION('',(0.,-1.,0.));
#2501=DIRECTION('center_axis',(0.,-1.,0.));
#2502=DIRECTION('ref_axis',(1.,0.,0.));
#2503=DIRECTION('center_axis',(0.,-1.,0.));
#2504=DIRECTION('ref_axis',(-1.,0.,0.));
#2505=DIRECTION('',(-1.,0.,0.));
#2506=DIRECTION('',(0.,0.,-1.));
#2507=DIRECTION('',(0.,0.,-1.));
#2508=DIRECTION('',(-1.,0.,0.));
#2509=DIRECTION('center_axis',(0.,0.,1.));
#2510=DIRECTION('ref_axis',(1.,0.,0.));
#2511=DIRECTION('',(-1.,0.,0.));
#2512=DIRECTION('center_axis',(0.,0.,-1.));
#2513=DIRECTION('ref_axis',(0.707106781186548,-0.707106781186548,0.));
#2514=DIRECTION('',(0.,-1.,0.));
#2515=DIRECTION('',(-1.,0.,0.));
#2516=DIRECTION('',(0.,-1.,0.));
#2517=DIRECTION('center_axis',(-1.,0.,0.));
#2518=DIRECTION('ref_axis',(0.,1.,0.));
#2519=DIRECTION('center_axis',(-1.,0.,0.));
#2520=DIRECTION('ref_axis',(0.,1.,0.));
#2521=DIRECTION('',(1.,0.,0.));
#2522=DIRECTION('center_axis',(1.,0.,0.));
#2523=DIRECTION('ref_axis',(0.,1.,0.));
#2524=DIRECTION('center_axis',(1.,0.,0.));
#2525=DIRECTION('ref_axis',(0.,-1.,0.));
#2526=DIRECTION('',(0.,-1.,0.));
#2527=DIRECTION('',(0.,0.,-1.));
#2528=DIRECTION('center_axis',(0.707106781186547,0.,-0.707106781186548));
#2529=DIRECTION('ref_axis',(-0.707106781186548,0.,-0.707106781186547));
#2530=DIRECTION('',(0.,-1.,0.));
#2531=DIRECTION('',(-0.577350269189626,-0.577350269189626,-0.577350269189625));
#2532=DIRECTION('',(0.,1.,0.));
#2533=DIRECTION('',(0.577350269189626,-0.577350269189625,0.577350269189626));
#2534=DIRECTION('center_axis',(0.,0.707106781186547,-0.707106781186548));
#2535=DIRECTION('ref_axis',(-1.,0.,0.));
#2536=DIRECTION('',(-1.,0.,0.));
#2537=DIRECTION('',(1.,0.,0.));
#2538=DIRECTION('',(0.577350269189626,-0.577350269189626,-0.577350269189625));
#2539=DIRECTION('center_axis',(-0.707106781186547,0.,-0.707106781186548));
#2540=DIRECTION('ref_axis',(-0.707106781186548,0.,0.707106781186547));
#2541=DIRECTION('',(0.,-1.,0.));
#2542=DIRECTION('',(0.,1.,0.));
#2543=DIRECTION('',(0.577350269189626,0.577350269189626,-0.577350269189625));
#2544=DIRECTION('center_axis',(6.15722532817167E-17,-0.707106781186547,
-0.707106781186548));
#2545=DIRECTION('ref_axis',(-1.,0.,-8.7076315656875E-17));
#2546=DIRECTION('',(1.,8.7076315656875E-17,0.));
#2547=DIRECTION('',(-1.,-8.7076315656875E-17,0.));
#2548=DIRECTION('center_axis',(0.,-1.,0.));
#2549=DIRECTION('ref_axis',(-1.,0.,0.));
#2550=DIRECTION('',(0.,0.,-1.));
#2551=DIRECTION('',(-1.,0.,0.));
#2552=DIRECTION('',(0.,0.,-1.));
#2553=DIRECTION('center_axis',(-1.,0.,0.));
#2554=DIRECTION('ref_axis',(0.,1.,0.));
#2555=DIRECTION('',(0.,0.,-1.));
#2556=DIRECTION('',(0.,1.,0.));
#2557=DIRECTION('center_axis',(0.,0.,1.));
#2558=DIRECTION('ref_axis',(1.,0.,0.));
#2559=DIRECTION('center_axis',(0.,0.,1.));
#2560=DIRECTION('ref_axis',(-0.707106781186548,0.707106781186548,0.));
#2561=DIRECTION('',(1.,0.,0.));
#2562=DIRECTION('center_axis',(0.,0.,1.));
#2563=DIRECTION('ref_axis',(0.707106781186548,0.707106781186548,0.));
#2564=DIRECTION('',(0.,-1.,0.));
#2565=DIRECTION('center_axis',(0.,0.,1.));
#2566=DIRECTION('ref_axis',(0.707106781186548,-0.707106781186548,0.));
#2567=DIRECTION('',(-1.,0.,0.));
#2568=DIRECTION('center_axis',(0.,0.,1.));
#2569=DIRECTION('ref_axis',(-0.707106781186548,-0.707106781186548,0.));
#2570=DIRECTION('',(0.,1.,0.));
#2571=DIRECTION('center_axis',(0.,1.,0.));
#2572=DIRECTION('ref_axis',(1.,0.,0.));
#2573=DIRECTION('',(1.,0.,0.));
#2574=DIRECTION('',(0.,0.,-1.));
#2575=DIRECTION('center_axis',(-1.,0.,0.));
#2576=DIRECTION('ref_axis',(0.,1.,0.));
#2577=DIRECTION('',(0.,1.,0.));
#2578=DIRECTION('center_axis',(0.,-1.,0.));
#2579=DIRECTION('ref_axis',(1.,0.,0.));
#2580=DIRECTION('',(0.,0.,1.));
#2581=DIRECTION('',(-1.,0.,0.));
#2582=DIRECTION('',(0.,0.,1.));
#2583=DIRECTION('center_axis',(1.,0.,0.));
#2584=DIRECTION('ref_axis',(0.,1.,0.));
#2585=DIRECTION('',(0.,0.,1.));
#2586=DIRECTION('',(0.,-1.,0.));
#2587=DIRECTION('center_axis',(1.,0.,0.));
#2588=DIRECTION('ref_axis',(0.,-1.,0.));
#2589=DIRECTION('',(0.,-1.,0.));
#2590=DIRECTION('',(0.,0.,-1.));
#2591=DIRECTION('center_axis',(-8.7076315656875E-17,1.,0.));
#2592=DIRECTION('ref_axis',(1.,8.7076315656875E-17,0.));
#2593=DIRECTION('',(1.,8.7076315656875E-17,0.));
#2594=DIRECTION('center_axis',(0.,0.,1.));
#2595=DIRECTION('ref_axis',(-0.707106781186548,0.707106781186548,0.));
#2596=DIRECTION('center_axis',(0.,0.,-1.));
#2597=DIRECTION('ref_axis',(-0.707106781186548,0.707106781186548,0.));
#2598=DIRECTION('',(0.,0.,-1.));
#2599=DIRECTION('',(0.,0.,1.));
#2600=DIRECTION('center_axis',(-1.,0.,0.));
#2601=DIRECTION('ref_axis',(0.,-1.,0.));
#2602=DIRECTION('',(0.,0.,-1.));
#2603=DIRECTION('',(0.,1.,0.));
#2604=DIRECTION('center_axis',(0.,0.,1.));
#2605=DIRECTION('ref_axis',(-0.707106781186548,-0.707106781186548,0.));
#2606=DIRECTION('center_axis',(0.,0.,-1.));
#2607=DIRECTION('ref_axis',(-0.707106781186548,-0.707106781186548,0.));
#2608=DIRECTION('',(0.,0.,1.));
#2609=DIRECTION('center_axis',(0.,-1.,0.));
#2610=DIRECTION('ref_axis',(1.,0.,0.));
#2611=DIRECTION('',(-1.,0.,0.));
#2612=DIRECTION('',(0.,0.,-1.));
#2613=DIRECTION('center_axis',(0.,0.,1.));
#2614=DIRECTION('ref_axis',(0.707106781186548,0.707106781186548,0.));
#2615=DIRECTION('center_axis',(0.,0.,-1.));
#2616=DIRECTION('ref_axis',(0.707106781186548,0.707106781186548,0.));
#2617=DIRECTION('',(0.,0.,-1.));
#2618=DIRECTION('',(0.,0.,1.));
#2619=DIRECTION('center_axis',(0.,1.,0.));
#2620=DIRECTION('ref_axis',(-1.,0.,0.));
#2621=DIRECTION('',(1.,0.,0.));
#2622=DIRECTION('center_axis',(0.,0.,1.));
#2623=DIRECTION('ref_axis',(0.707106781186548,-0.707106781186548,0.));
#2624=DIRECTION('',(0.,0.,1.));
#2625=DIRECTION('center_axis',(-1.,0.,0.));
#2626=DIRECTION('ref_axis',(0.,-1.,0.));
#2627=DIRECTION('',(0.,1.,0.));
#2628=DIRECTION('',(0.,0.,1.));
#2629=DIRECTION('center_axis',(0.,1.,0.));
#2630=DIRECTION('ref_axis',(-1.,0.,0.));
#2631=DIRECTION('',(1.,0.,0.));
#2632=DIRECTION('center_axis',(0.,0.,1.));
#2633=DIRECTION('ref_axis',(1.,0.,0.));
#2634=DIRECTION('center_axis',(1.,0.,0.));
#2635=DIRECTION('ref_axis',(0.,1.,0.));
#2636=DIRECTION('',(0.,-1.,0.));
#2637=DIRECTION('center_axis',(0.,0.,1.));
#2638=DIRECTION('ref_axis',(1.,0.,0.));
#2639=DIRECTION('center_axis',(1.,0.,0.));
#2640=DIRECTION('ref_axis',(0.,1.,0.));
#2641=DIRECTION('center_axis',(-1.,0.,0.));
#2642=DIRECTION('ref_axis',(0.,1.,0.));
#2643=DIRECTION('',(1.,0.,0.));
#2644=DIRECTION('center_axis',(-1.,-3.96508223080413E-17,0.));
#2645=DIRECTION('ref_axis',(0.,1.,0.));
#2646=DIRECTION('center_axis',(1.,0.,0.));
#2647=DIRECTION('ref_axis',(0.,1.,0.));
#2648=DIRECTION('center_axis',(1.,0.,0.));
#2649=DIRECTION('ref_axis',(0.,1.,0.));
#2650=DIRECTION('center_axis',(1.,0.,0.));
#2651=DIRECTION('ref_axis',(0.,1.,0.));
#2652=DIRECTION('',(1.,0.,0.));
#2653=DIRECTION('center_axis',(1.,0.,0.));
#2654=DIRECTION('ref_axis',(0.,1.,0.));
#2655=DIRECTION('center_axis',(1.,0.,0.));
#2656=DIRECTION('ref_axis',(0.,1.,0.));
#2657=DIRECTION('center_axis',(1.,0.,0.));
#2658=DIRECTION('ref_axis',(0.,-1.,0.));
#2659=DIRECTION('',(0.,-1.,0.));
#2660=DIRECTION('',(0.,0.,-1.));
#2661=DIRECTION('',(0.,-1.,0.));
#2662=DIRECTION('',(0.,0.,-1.));
#2663=DIRECTION('center_axis',(0.,1.,0.));
#2664=DIRECTION('ref_axis',(1.,0.,0.));
#2665=DIRECTION('',(1.,0.,0.));
#2666=DIRECTION('',(0.,0.,-1.));
#2667=DIRECTION('',(1.,0.,0.));
#2668=DIRECTION('center_axis',(-1.,-3.96508223080413E-17,0.));
#2669=DIRECTION('ref_axis',(-3.96508223080413E-17,1.,0.));
#2670=DIRECTION('',(-3.96508223080413E-17,1.,0.));
#2671=DIRECTION('',(0.,0.,-1.));
#2672=DIRECTION('',(-3.96508223080413E-17,1.,0.));
#2673=DIRECTION('center_axis',(0.,-1.,0.));
#2674=DIRECTION('ref_axis',(-1.,0.,0.));
#2675=DIRECTION('',(-1.,0.,0.));
#2676=DIRECTION('',(-1.,0.,0.));
#2677=DIRECTION('center_axis',(0.,0.,-1.));
#2678=DIRECTION('ref_axis',(-1.,0.,0.));
#2679=DIRECTION('center_axis',(-1.,0.,0.));
#2680=DIRECTION('ref_axis',(0.,0.70710678118654,-0.707106781186555));
#2681=DIRECTION('center_axis',(0.707106781186549,-0.707106781186546,0.));
#2682=DIRECTION('ref_axis',(0.707106781186546,0.707106781186549,0.));
#2683=DIRECTION('',(1.,0.,0.));
#2684=DIRECTION('center_axis',(-0.707106781186549,-0.707106781186546,0.));
#2685=DIRECTION('ref_axis',(-0.707106781186546,0.707106781186549,0.));
#2686=DIRECTION('',(-1.,0.,0.));
#2687=DIRECTION('center_axis',(0.,1.,0.));
#2688=DIRECTION('ref_axis',(0.,0.,1.));
#2689=DIRECTION('',(0.,0.,-1.));
#2690=DIRECTION('',(-1.,0.,0.));
#2691=DIRECTION('',(0.,0.,1.));
#2692=DIRECTION('center_axis',(-0.707106781186549,0.707106781186546,0.));
#2693=DIRECTION('ref_axis',(0.,0.,1.));
#2694=DIRECTION('',(-0.707106781186546,-0.707106781186549,0.));
#2695=DIRECTION('',(0.,0.,1.));
#2696=DIRECTION('',(0.707106781186546,0.707106781186549,0.));
#2697=DIRECTION('center_axis',(0.707106781186549,-0.707106781186546,0.));
#2698=DIRECTION('ref_axis',(0.707106781186546,0.707106781186549,0.));
#2699=DIRECTION('center_axis',(1.,0.,0.));
#2700=DIRECTION('ref_axis',(0.,0.70710678118654,0.707106781186555));
#2701=DIRECTION('center_axis',(-0.707106781186549,-0.707106781186546,0.));
#2702=DIRECTION('ref_axis',(-0.707106781186546,0.707106781186549,0.));
#2703=DIRECTION('',(1.,0.,0.));
#2704=DIRECTION('center_axis',(0.,0.,1.));
#2705=DIRECTION('ref_axis',(1.,0.,0.));
#2706=DIRECTION('',(-1.,0.,0.));
#2707=DIRECTION('',(0.707106781186546,-0.707106781186549,0.));
#2708=DIRECTION('center_axis',(1.,0.,0.));
#2709=DIRECTION('ref_axis',(0.,-0.707106781186548,0.707106781186548));
#2710=DIRECTION('center_axis',(-0.707106781186549,0.707106781186546,0.));
#2711=DIRECTION('ref_axis',(-0.707106781186546,-0.707106781186549,0.));
#2712=DIRECTION('',(-1.,0.,0.));
#2713=DIRECTION('center_axis',(0.707106781186549,0.707106781186546,0.));
#2714=DIRECTION('ref_axis',(0.707106781186546,-0.707106781186549,0.));
#2715=DIRECTION('',(1.,0.,0.));
#2716=DIRECTION('center_axis',(0.707106781186549,-0.707106781186546,0.));
#2717=DIRECTION('ref_axis',(0.,0.,-1.));
#2718=DIRECTION('',(0.,0.,-1.));
#2719=DIRECTION('center_axis',(-0.707106781186549,0.707106781186546,0.));
#2720=DIRECTION('ref_axis',(-0.707106781186546,-0.707106781186549,0.));
#2721=DIRECTION('',(0.707106781186546,0.707106781186549,0.));
#2722=DIRECTION('',(0.,0.,1.));
#2723=DIRECTION('',(-0.707106781186546,-0.707106781186549,0.));
#2724=DIRECTION('center_axis',(0.,1.,0.));
#2725=DIRECTION('ref_axis',(0.,0.,1.));
#2726=DIRECTION('',(0.,0.,1.));
#2727=DIRECTION('',(-1.,0.,0.));
#2728=DIRECTION('center_axis',(-1.,0.,0.));
#2729=DIRECTION('ref_axis',(0.,-0.707106781186548,-0.707106781186548));
#2730=DIRECTION('center_axis',(0.707106781186549,0.707106781186546,0.));
#2731=DIRECTION('ref_axis',(0.707106781186546,-0.707106781186549,0.));
#2732=DIRECTION('',(1.,0.,0.));
#2733=DIRECTION('center_axis',(0.,0.,1.));
#2734=DIRECTION('ref_axis',(-1.,0.,0.));
#2735=DIRECTION('',(0.707106781186546,-0.707106781186549,0.));
#2736=DIRECTION('',(-1.,0.,0.));
#2737=DIRECTION('',(1.,0.,0.));
#2738=DIRECTION('',(-1.,0.,0.));
#2739=DIRECTION('center_axis',(-0.707106781186549,-0.707106781186546,0.));
#2740=DIRECTION('ref_axis',(0.,0.,1.));
#2741=DIRECTION('',(-0.707106781186546,0.707106781186549,0.));
#2742=DIRECTION('',(0.,0.,-1.));
#2743=DIRECTION('center_axis',(0.,0.,-1.));
#2744=DIRECTION('ref_axis',(-1.,0.,0.));
#2745=DIRECTION('',(-0.707106781186546,0.707106781186549,0.));
#2746=DIRECTION('',(1.,0.,0.));
#2747=DIRECTION('center_axis',(0.707106781186549,0.707106781186546,0.));
#2748=DIRECTION('ref_axis',(0.,0.,-1.));
#2749=DIRECTION('',(0.,0.,-1.));
#2750=DIRECTION('center_axis',(0.,1.,0.));
#2751=DIRECTION('ref_axis',(-1.,0.,0.));
#2752=DIRECTION('',(0.,0.,1.));
#2753=DIRECTION('',(0.,0.,-1.));
#2754=DIRECTION('',(-1.,0.,0.));
#2755=DIRECTION('center_axis',(0.,0.,-1.));
#2756=DIRECTION('ref_axis',(1.,0.,0.));
#2757=DIRECTION('',(1.,0.,0.));
#2758=DIRECTION('',(1.,0.,0.));
#2759=DIRECTION('center_axis',(0.,-1.,0.));
#2760=DIRECTION('ref_axis',(1.,0.,0.));
#2761=DIRECTION('',(0.,0.,1.));
#2762=DIRECTION('',(1.,0.,0.));
#2763=DIRECTION('',(0.,0.,1.));
#2764=DIRECTION('center_axis',(0.,-1.,0.));
#2765=DIRECTION('ref_axis',(1.,0.,0.));
#2766=DIRECTION('',(0.,0.,1.));
#2767=DIRECTION('',(-1.,0.,0.));
#2768=DIRECTION('',(0.,0.,1.));
#2769=DIRECTION('center_axis',(0.,-1.,0.));
#2770=DIRECTION('ref_axis',(1.,0.,0.));
#2771=DIRECTION('',(0.,0.,-1.));
#2772=DIRECTION('',(-1.,0.,0.));
#2773=DIRECTION('',(0.,0.,-1.));
#2774=DIRECTION('center_axis',(0.,-1.,0.));
#2775=DIRECTION('ref_axis',(1.,0.,0.));
#2776=DIRECTION('',(0.,0.,-1.));
#2777=DIRECTION('',(1.,0.,0.));
#2778=DIRECTION('',(0.,0.,-1.));
#2779=DIRECTION('center_axis',(0.,1.,0.));
#2780=DIRECTION('ref_axis',(-1.,0.,0.));
#2781=DIRECTION('',(0.,0.,1.));
#2782=DIRECTION('',(-1.,0.,0.));
#2783=DIRECTION('',(0.,0.,1.));
#2784=DIRECTION('center_axis',(-1.,0.,0.));
#2785=DIRECTION('ref_axis',(0.,0.,1.));
#2786=DIRECTION('',(0.,-1.,0.));
#2787=DIRECTION('',(0.,0.,-1.));
#2788=DIRECTION('',(0.,-1.,0.));
#2789=DIRECTION('center_axis',(1.,0.,0.));
#2790=DIRECTION('ref_axis',(0.,0.,-1.));
#2791=DIRECTION('',(0.,-1.,0.));
#2792=DIRECTION('',(0.,0.,1.));
#2793=DIRECTION('',(0.,1.,0.));
#2794=DIRECTION('center_axis',(0.,0.,-1.));
#2795=DIRECTION('ref_axis',(-1.,0.,0.));
#2796=DIRECTION('',(1.,0.,0.));
#2797=DIRECTION('',(0.,1.,0.));
#2798=DIRECTION('',(1.,0.,0.));
#2799=DIRECTION('',(0.,1.,0.));
#2800=DIRECTION('center_axis',(0.,1.,0.));
#2801=DIRECTION('ref_axis',(-1.,0.,0.));
#2802=DIRECTION('center_axis',(0.,-1.,0.));
#2803=DIRECTION('ref_axis',(1.,0.,0.));
#2804=DIRECTION('',(-1.,0.,0.));
#2805=DIRECTION('',(0.,0.,1.));
#2806=DIRECTION('center_axis',(0.,1.,0.));
#2807=DIRECTION('ref_axis',(1.,0.,0.));
#2808=DIRECTION('center_axis',(0.,-1.,0.));
#2809=DIRECTION('ref_axis',(1.,0.,0.));
#2810=DIRECTION('',(0.,-1.,0.));
#2811=DIRECTION('center_axis',(0.,1.,0.));
#2812=DIRECTION('ref_axis',(1.,0.,0.));
#2813=DIRECTION('center_axis',(-0.707106781186547,0.707106781186549,0.));
#2814=DIRECTION('ref_axis',(0.707106781186549,0.707106781186547,0.));
#2815=DIRECTION('center_axis',(0.707106781186547,0.707106781186549,0.));
#2816=DIRECTION('ref_axis',(0.707106781186549,-0.707106781186547,0.));
#2817=DIRECTION('',(0.,1.,0.));
#2818=DIRECTION('center_axis',(0.707106781186547,-0.707106781186549,0.));
#2819=DIRECTION('ref_axis',(0.707106781186549,0.707106781186547,0.));
#2820=DIRECTION('center_axis',(-0.707106781186547,-0.707106781186549,0.));
#2821=DIRECTION('ref_axis',(0.707106781186549,-0.707106781186547,0.));
#2822=DIRECTION('',(0.,1.,0.));
#2823=DIRECTION('',(0.,1.,0.));
#2824=DIRECTION('center_axis',(3.41607084500048E-17,1.,0.));
#2825=DIRECTION('ref_axis',(1.,0.,0.));
#2826=DIRECTION('',(0.,-1.,0.));
#2827=DIRECTION('center_axis',(0.,-1.,0.));
#2828=DIRECTION('ref_axis',(1.,0.,0.));
#2829=DIRECTION('',(-1.,0.,0.));
#2830=DIRECTION('',(0.,0.,-1.));
#2831=DIRECTION('',(-1.,0.,0.));
#2832=DIRECTION('center_axis',(0.,0.,1.));
#2833=DIRECTION('ref_axis',(-1.,0.,0.));
#2834=DIRECTION('',(1.,-3.41607084500048E-17,0.));
#2835=DIRECTION('center_axis',(0.,0.,1.));
#2836=DIRECTION('ref_axis',(-1.,-2.22044604925031E-15,0.));
#2837=DIRECTION('',(0.,-1.,0.));
#2838=DIRECTION('center_axis',(0.,0.,1.));
#2839=DIRECTION('ref_axis',(0.,1.,0.));
#2840=DIRECTION('',(-1.,3.41607084500048E-17,0.));
#2841=DIRECTION('center_axis',(0.,0.,1.));
#2842=DIRECTION('ref_axis',(1.,2.22044604925031E-15,0.));
#2843=DIRECTION('',(0.,1.,0.));
#2844=DIRECTION('',(-1.,0.,0.));
#2845=DIRECTION('',(0.,-1.,0.));
#2846=DIRECTION('',(1.,0.,0.));
#2847=DIRECTION('',(0.,1.,0.));
#2848=DIRECTION('center_axis',(-1.,0.,0.));
#2849=DIRECTION('ref_axis',(0.,-0.0534865530913585,0.998568569823027));
#2850=DIRECTION('center_axis',(-1.,0.,0.));
#2851=DIRECTION('ref_axis',(0.,1.,0.));
#2852=DIRECTION('',(-1.,0.,0.));
#2853=DIRECTION('center_axis',(1.,0.,0.));
#2854=DIRECTION('ref_axis',(0.,1.,0.));
#2855=DIRECTION('',(1.,0.,0.));
#2856=DIRECTION('center_axis',(-1.,0.,0.));
#2857=DIRECTION('ref_axis',(0.,1.,0.));
#2858=DIRECTION('',(1.,0.,0.));
#2859=DIRECTION('center_axis',(1.,0.,0.));
#2860=DIRECTION('ref_axis',(0.,1.,0.));
#2861=DIRECTION('',(-1.,0.,0.));
#2862=DIRECTION('center_axis',(1.,0.,0.));
#2863=DIRECTION('ref_axis',(0.,1.,0.));
#2864=DIRECTION('',(1.,0.,0.));
#2865=DIRECTION('center_axis',(-1.,0.,0.));
#2866=DIRECTION('ref_axis',(0.,1.,0.));
#2867=DIRECTION('center_axis',(-1.,0.,0.));
#2868=DIRECTION('ref_axis',(0.,1.,0.));
#2869=DIRECTION('center_axis',(0.,0.,1.));
#2870=DIRECTION('ref_axis',(-1.,0.,0.));
#2871=DIRECTION('',(-1.,0.,0.));
#2872=DIRECTION('',(0.,1.,0.));
#2873=DIRECTION('',(1.,0.,0.));
#2874=DIRECTION('',(0.,-1.,0.));
#2875=DIRECTION('',(0.,-1.,0.));
#2876=DIRECTION('center_axis',(0.,0.,1.));
#2877=DIRECTION('ref_axis',(-1.,0.,0.));
#2878=DIRECTION('',(0.,-1.,0.));
#2879=DIRECTION('center_axis',(1.,0.,0.));
#2880=DIRECTION('ref_axis',(0.,1.,0.));
#2881=DIRECTION('center_axis',(0.,1.,-4.44089209850063E-16));
#2882=DIRECTION('ref_axis',(0.,-4.44089209850063E-16,-1.));
#2883=DIRECTION('',(0.,4.44089209850063E-16,1.));
#2884=DIRECTION('',(-1.,0.,0.));
#2885=DIRECTION('',(0.,4.44089209850063E-16,1.));
#2886=DIRECTION('center_axis',(0.,-1.,0.));
#2887=DIRECTION('ref_axis',(0.,0.,1.));
#2888=DIRECTION('',(0.,0.,-1.));
#2889=DIRECTION('',(0.,0.,-1.));
#2890=DIRECTION('center_axis',(1.,0.,0.));
#2891=DIRECTION('ref_axis',(0.,1.,0.));
#2892=DIRECTION('',(0.,0.,1.));
#2893=DIRECTION('',(0.,1.,0.));
#2894=DIRECTION('center_axis',(1.,0.,0.));
#2895=DIRECTION('ref_axis',(0.,1.,0.));
#2896=DIRECTION('',(0.,-1.,0.));
#2897=DIRECTION('center_axis',(-1.,0.,0.));
#2898=DIRECTION('ref_axis',(0.,-1.,0.));
#2899=DIRECTION('',(0.,0.,1.));
#2900=DIRECTION('',(0.,1.,0.));
#2901=DIRECTION('center_axis',(1.,0.,0.));
#2902=DIRECTION('ref_axis',(0.,1.,0.));
#2903=DIRECTION('center_axis',(0.,0.,1.));
#2904=DIRECTION('ref_axis',(-1.,0.,0.));
#2905=DIRECTION('center_axis',(0.,0.,1.));
#2906=DIRECTION('ref_axis',(1.,2.22044604925031E-15,0.));
#2907=DIRECTION('',(-1.,3.41607084500048E-17,0.));
#2908=DIRECTION('center_axis',(0.,0.,1.));
#2909=DIRECTION('ref_axis',(-2.22044604925031E-15,1.,0.));
#2910=DIRECTION('',(0.,-1.,0.));
#2911=DIRECTION('center_axis',(0.,0.,1.));
#2912=DIRECTION('ref_axis',(-1.,-2.22044604925031E-15,0.));
#2913=DIRECTION('',(1.,-6.83214169000096E-17,0.));
#2914=DIRECTION('center_axis',(0.,0.,1.));
#2915=DIRECTION('ref_axis',(0.,-1.,0.));
#2916=DIRECTION('',(1.48029736616688E-16,1.,0.));
#2917=DIRECTION('center_axis',(0.,0.,1.));
#2918=DIRECTION('ref_axis',(1.,2.22044604925031E-15,0.));
#2919=DIRECTION('',(0.,0.,1.));
#2920=DIRECTION('',(0.,0.,1.));
#2921=DIRECTION('center_axis',(1.,0.,0.));
#2922=DIRECTION('ref_axis',(0.,1.,0.));
#2923=DIRECTION('',(0.,0.,1.));
#2924=DIRECTION('',(0.,1.,0.));
#2925=DIRECTION('center_axis',(0.,0.,1.));
#2926=DIRECTION('ref_axis',(0.,-1.,0.));
#2927=DIRECTION('center_axis',(0.,0.,1.));
#2928=DIRECTION('ref_axis',(0.,-1.,0.));
#2929=DIRECTION('',(0.,0.,1.));
#2930=DIRECTION('center_axis',(-3.41607084500048E-17,-1.,0.));
#2931=DIRECTION('ref_axis',(1.,-3.41607084500048E-17,0.));
#2932=DIRECTION('',(1.,-3.41607084500048E-17,0.));
#2933=DIRECTION('',(0.,0.,1.));
#2934=DIRECTION('center_axis',(0.,0.,1.));
#2935=DIRECTION('ref_axis',(-1.,-2.22044604925031E-15,0.));
#2936=DIRECTION('',(0.,0.,1.));
#2937=DIRECTION('center_axis',(-1.,0.,0.));
#2938=DIRECTION('ref_axis',(0.,-1.,0.));
#2939=DIRECTION('',(0.,0.,1.));
#2940=DIRECTION('center_axis',(0.,0.,1.));
#2941=DIRECTION('ref_axis',(0.,1.,0.));
#2942=DIRECTION('',(0.,0.,1.));
#2943=DIRECTION('center_axis',(3.41607084500048E-17,1.,0.));
#2944=DIRECTION('ref_axis',(-1.,3.41607084500048E-17,0.));
#2945=DIRECTION('center_axis',(0.,0.,1.));
#2946=DIRECTION('ref_axis',(-1.,0.,0.));
#2947=DIRECTION('center_axis',(-1.,0.,0.));
#2948=DIRECTION('ref_axis',(0.,-1.,0.));
#2949=DIRECTION('',(0.,0.,1.));
#2950=DIRECTION('',(0.,-1.,0.));
#2951=DIRECTION('center_axis',(0.,1.,0.));
#2952=DIRECTION('ref_axis',(-1.,0.,0.));
#2953=DIRECTION('center_axis',(0.,-1.,0.));
#2954=DIRECTION('ref_axis',(1.,0.,0.));
#2955=DIRECTION('',(-1.,0.,0.));
#2956=DIRECTION('',(0.,0.,1.));
#2957=DIRECTION('center_axis',(1.,0.,0.));
#2958=DIRECTION('ref_axis',(0.,1.,0.));
#2959=DIRECTION('',(0.,-1.,0.));
#2960=DIRECTION('',(0.,0.,1.));
#2961=DIRECTION('center_axis',(0.,1.,0.));
#2962=DIRECTION('ref_axis',(-1.,0.,0.));
#2963=DIRECTION('',(1.,0.,0.));
#2964=DIRECTION('center_axis',(-1.,0.,0.));
#2965=DIRECTION('ref_axis',(0.,-1.,0.));
#2966=DIRECTION('center_axis',(0.,0.,-1.));
#2967=DIRECTION('ref_axis',(-1.,0.,0.));
#2968=DIRECTION('center_axis',(0.,0.,-1.));
#2969=DIRECTION('ref_axis',(1.,0.,0.));
#2970=DIRECTION('center_axis',(0.,0.,1.));
#2971=DIRECTION('ref_axis',(1.,0.,0.));
#2972=DIRECTION('center_axis',(0.,0.,1.));
#2973=DIRECTION('ref_axis',(1.,0.,0.));
#2974=DIRECTION('center_axis',(0.,0.,-1.));
#2975=DIRECTION('ref_axis',(1.,0.,0.));
#2976=DIRECTION('',(0.,0.,1.));
#2977=DIRECTION('center_axis',(0.,0.,-1.));
#2978=DIRECTION('ref_axis',(1.,0.,0.));
#2979=DIRECTION('center_axis',(0.,0.,-1.));
#2980=DIRECTION('ref_axis',(1.,0.,0.));
#2981=DIRECTION('center_axis',(0.,0.,1.));
#2982=DIRECTION('ref_axis',(1.,0.,0.));
#2983=DIRECTION('center_axis',(0.,0.,1.));
#2984=DIRECTION('ref_axis',(1.,0.,0.));
#2985=DIRECTION('center_axis',(0.,0.,-1.));
#2986=DIRECTION('ref_axis',(1.,0.,0.));
#2987=DIRECTION('',(0.,0.,1.));
#2988=DIRECTION('center_axis',(0.,0.,-1.));
#2989=DIRECTION('ref_axis',(1.,0.,0.));
#2990=DIRECTION('center_axis',(0.,-1.,0.));
#2991=DIRECTION('ref_axis',(-1.,0.,0.));
#2992=DIRECTION('',(1.,0.,0.));
#2993=DIRECTION('',(0.,0.,-1.));
#2994=DIRECTION('',(-1.,0.,0.));
#2995=DIRECTION('',(0.,0.,-1.));
#2996=DIRECTION('center_axis',(1.,0.,0.));
#2997=DIRECTION('ref_axis',(0.,-1.,0.));
#2998=DIRECTION('',(0.,1.,0.));
#2999=DIRECTION('',(0.,-1.,0.));
#3000=DIRECTION('',(0.,0.297066552636245,0.954856776330784));
#3001=DIRECTION('center_axis',(-1.,0.,0.));
#3002=DIRECTION('ref_axis',(0.,1.,0.));
#3003=DIRECTION('',(0.,-1.,0.));
#3004=DIRECTION('',(0.,-0.297066552636245,-0.954856776330784));
#3005=DIRECTION('',(0.,1.,0.));
#3006=DIRECTION('center_axis',(0.,0.,1.));
#3007=DIRECTION('ref_axis',(-1.,0.,0.));
#3008=DIRECTION('',(1.,0.,0.));
#3009=DIRECTION('',(0.,-1.,0.));
#3010=DIRECTION('',(1.,0.,0.));
#3011=DIRECTION('',(0.,1.,0.));
#3012=DIRECTION('',(1.,0.,0.));
#3013=DIRECTION('center_axis',(0.,-0.954856776330784,0.297066552636245));
#3014=DIRECTION('ref_axis',(0.,-0.297066552636245,-0.954856776330784));
#3015=DIRECTION('',(1.,0.,0.));
#3016=DIRECTION('',(0.,0.297066552636245,0.954856776330784));
#3017=DIRECTION('center_axis',(0.,-0.954856776330784,0.297066552636245));
#3018=DIRECTION('ref_axis',(0.,-0.297066552636245,-0.954856776330784));
#3019=DIRECTION('',(0.,-0.297066552636245,-0.954856776330784));
#3020=DIRECTION('',(1.,0.,0.));
#3021=DIRECTION('center_axis',(1.,0.,0.));
#3022=DIRECTION('ref_axis',(0.,1.,0.));
#3023=DIRECTION('',(0.,-1.,0.));
#3024=DIRECTION('',(0.,0.119145220618431,0.992876838486922));
#3025=DIRECTION('center_axis',(-1.,0.,0.));
#3026=DIRECTION('ref_axis',(0.,-0.748045861100249,-0.663647036978834));
#3027=DIRECTION('center_axis',(1.,0.,0.));
#3028=DIRECTION('ref_axis',(0.,-1.,0.));
#3029=DIRECTION('center_axis',(1.,0.,0.));
#3030=DIRECTION('ref_axis',(0.,-0.748045861100249,-0.663647036978834));
#3031=DIRECTION('',(-1.,0.,0.));
#3032=DIRECTION('center_axis',(1.,0.,0.));
#3033=DIRECTION('ref_axis',(0.,-0.748045861100249,-0.663647036978834));
#3034=DIRECTION('center_axis',(-1.,0.,0.));
#3035=DIRECTION('ref_axis',(0.,-1.,0.));
#3036=DIRECTION('',(0.,-0.119145220618431,-0.992876838486922));
#3037=DIRECTION('',(0.,1.,0.));
#3038=DIRECTION('center_axis',(-1.,0.,0.));
#3039=DIRECTION('ref_axis',(0.,-1.,0.));
#3040=DIRECTION('center_axis',(0.,0.992876838486922,-0.119145220618431));
#3041=DIRECTION('ref_axis',(0.,-0.119145220618431,-0.992876838486922));
#3042=DIRECTION('',(1.,0.,0.));
#3043=DIRECTION('center_axis',(0.,0.,1.));
#3044=DIRECTION('ref_axis',(1.,0.,0.));
#3045=DIRECTION('center_axis',(-1.,0.,0.));
#3046=DIRECTION('ref_axis',(0.,-1.,0.));
#3047=DIRECTION('center_axis',(-1.,0.,0.));
#3048=DIRECTION('ref_axis',(0.,-1.,0.));
#3049=DIRECTION('',(1.,0.,0.));
#3050=DIRECTION('center_axis',(-1.,0.,0.));
#3051=DIRECTION('ref_axis',(0.,-1.,0.));
#3052=DIRECTION('',(1.,0.,0.));
#3053=DIRECTION('center_axis',(-1.,0.,0.));
#3054=DIRECTION('ref_axis',(0.,-1.,0.));
#3055=DIRECTION('center_axis',(-1.,0.,0.));
#3056=DIRECTION('ref_axis',(0.,-1.,0.));
#3057=DIRECTION('center_axis',(-1.,0.,0.));
#3058=DIRECTION('ref_axis',(0.,-1.,0.));
#3059=CARTESIAN_POINT('',(0.,0.,0.));
#3060=CARTESIAN_POINT('Origin',(-33.3,-15.8,5.));
#3061=CARTESIAN_POINT('',(33.3,-16.,5.));
#3062=CARTESIAN_POINT('',(-33.3,-16.,5.));
#3063=CARTESIAN_POINT('',(0.1,-16.,5.));
#3064=CARTESIAN_POINT('',(33.3,-16.3,5.));
#3065=CARTESIAN_POINT('',(33.3,-15.8,5.));
#3066=CARTESIAN_POINT('',(-33.3,-16.3,5.));
#3067=CARTESIAN_POINT('',(33.3,-16.3,5.));
#3068=CARTESIAN_POINT('',(-33.3,-15.8,5.));
#3069=CARTESIAN_POINT('Origin',(-33.3,15.8,5.));
#3070=CARTESIAN_POINT('',(-33.3,16.,5.));
#3071=CARTESIAN_POINT('',(33.3,16.,5.));
#3072=CARTESIAN_POINT('',(-33.4,16.,5.));
#3073=CARTESIAN_POINT('',(-33.3,16.3,5.));
#3074=CARTESIAN_POINT('',(-33.3,15.8,5.));
#3075=CARTESIAN_POINT('',(33.3,16.3,5.));
#3076=CARTESIAN_POINT('',(33.3,16.3,5.));
#3077=CARTESIAN_POINT('',(33.3,15.8,5.));
#3078=CARTESIAN_POINT('Origin',(-33.3,16.,3.));
#3079=CARTESIAN_POINT('',(-33.3,16.,4.5));
#3080=CARTESIAN_POINT('',(-33.3,16.,5.5));
#3081=CARTESIAN_POINT('',(-33.3,16.3,4.5));
#3082=CARTESIAN_POINT('',(-33.3,15.8,4.5));
#3083=CARTESIAN_POINT('',(-33.3,16.3,5.));
#3084=CARTESIAN_POINT('Origin',(-33.3,16.,3.));
#3085=CARTESIAN_POINT('',(-33.3,-16.,4.5));
#3086=CARTESIAN_POINT('',(-33.3,-16.,5.5));
#3087=CARTESIAN_POINT('',(-33.3,-16.3,4.5));
#3088=CARTESIAN_POINT('',(-33.3,-16.3,5.));
#3089=CARTESIAN_POINT('',(-33.3,-15.8,4.5));
#3090=CARTESIAN_POINT('Origin',(33.3,-16.,3.));
#3091=CARTESIAN_POINT('',(33.3,16.,4.5));
#3092=CARTESIAN_POINT('',(33.3,16.,5.5));
#3093=CARTESIAN_POINT('',(33.3,16.3,4.5));
#3094=CARTESIAN_POINT('',(33.3,16.3,4.5));
#3095=CARTESIAN_POINT('',(33.3,15.8,4.5));
#3096=CARTESIAN_POINT('Origin',(33.3,-15.8,4.5));
#3097=CARTESIAN_POINT('',(33.3,-16.,4.5));
#3098=CARTESIAN_POINT('',(33.4,-16.,4.5));
#3099=CARTESIAN_POINT('',(33.3,-16.3,4.5));
#3100=CARTESIAN_POINT('',(-33.3,-16.3,4.5));
#3101=CARTESIAN_POINT('',(33.3,-15.8,4.5));
#3102=CARTESIAN_POINT('Origin',(0.,-16.3,4.75));
#3103=CARTESIAN_POINT('',(33.3,-16.3,4.5));
#3104=CARTESIAN_POINT('Origin',(33.3,15.8,4.5));
#3105=CARTESIAN_POINT('',(-0.100000000000002,16.,4.5));
#3106=CARTESIAN_POINT('',(-33.3,16.3,4.5));
#3107=CARTESIAN_POINT('Origin',(0.,16.3,4.75));
#3108=CARTESIAN_POINT('Origin',(33.3,-16.,3.));
#3109=CARTESIAN_POINT('',(33.3,-16.,5.5));
#3110=CARTESIAN_POINT('Origin',(0.,0.,3.));
#3111=CARTESIAN_POINT('',(-33.5,-16.,3.));
#3112=CARTESIAN_POINT('',(-33.5,16.,3.));
#3113=CARTESIAN_POINT('',(-33.5,-16.,3.));
#3114=CARTESIAN_POINT('',(33.5,-16.,3.));
#3115=CARTESIAN_POINT('',(33.5,-16.,3.));
#3116=CARTESIAN_POINT('',(33.5,16.,3.));
#3117=CARTESIAN_POINT('',(33.5,16.,3.));
#3118=CARTESIAN_POINT('',(-33.5,16.,3.));
#3119=CARTESIAN_POINT('',(32.5,-15.,3.));
#3120=CARTESIAN_POINT('',(32.5,15.,3.));
#3121=CARTESIAN_POINT('',(32.5,-7.5,3.));
#3122=CARTESIAN_POINT('',(-32.5,-15.,3.));
#3123=CARTESIAN_POINT('',(-16.25,-15.,3.));
#3124=CARTESIAN_POINT('',(-32.5,15.,3.));
#3125=CARTESIAN_POINT('',(-32.5,7.5,3.));
#3126=CARTESIAN_POINT('',(16.25,15.,3.));
#3127=CARTESIAN_POINT('Origin',(30.3166880050531,-17.,8.));
#3128=CARTESIAN_POINT('',(29.5666880050531,-17.,8.));
#3129=CARTESIAN_POINT('',(29.5666880050531,-16.,8.));
#3130=CARTESIAN_POINT('',(29.5666880050531,-17.,8.));
#3131=CARTESIAN_POINT('',(31.0666880050531,-17.,8.));
#3132=CARTESIAN_POINT('Origin',(30.3166880050531,-17.,8.));
#3133=CARTESIAN_POINT('',(31.0666880050531,-16.,8.));
#3134=CARTESIAN_POINT('',(31.0666880050531,-17.,8.));
#3135=CARTESIAN_POINT('Origin',(30.3166880050531,-16.,8.));
#3136=CARTESIAN_POINT('Origin',(33.5,-16.,8.));
#3137=CARTESIAN_POINT('',(33.5,-16.,8.));
#3138=CARTESIAN_POINT('',(16.75,-16.,8.));
#3139=CARTESIAN_POINT('',(33.5,-16.,8.));
#3140=CARTESIAN_POINT('',(-33.5,-16.,8.));
#3141=CARTESIAN_POINT('',(-33.5,-16.,8.));
#3142=CARTESIAN_POINT('',(16.75,-16.,8.));
#3143=CARTESIAN_POINT('Origin',(0.,0.,8.));
#3144=CARTESIAN_POINT('',(32.5,-17.,8.));
#3145=CARTESIAN_POINT('',(-16.25,-17.,8.));
#3146=CARTESIAN_POINT('',(34.5,-15.,8.));
#3147=CARTESIAN_POINT('Origin',(32.5,-15.,8.));
#3148=CARTESIAN_POINT('',(34.5,-13.75,8.));
#3149=CARTESIAN_POINT('',(34.5,-7.5,8.));
#3150=CARTESIAN_POINT('',(33.5,-13.75,8.));
#3151=CARTESIAN_POINT('',(34.5,-13.75,8.));
#3152=CARTESIAN_POINT('',(33.5,8.,8.));
#3153=CARTESIAN_POINT('Origin',(34.5,-13.,8.));
#3154=CARTESIAN_POINT('',(34.5,-12.25,8.));
#3155=CARTESIAN_POINT('Origin',(34.5,-13.,8.));
#3156=CARTESIAN_POINT('',(33.5,-12.25,8.));
#3157=CARTESIAN_POINT('',(34.5,-12.25,8.));
#3158=CARTESIAN_POINT('Origin',(33.5,-13.,8.));
#3159=CARTESIAN_POINT('Origin',(33.5,16.,8.));
#3160=CARTESIAN_POINT('',(33.5,16.,8.));
#3161=CARTESIAN_POINT('',(33.5,8.,8.));
#3162=CARTESIAN_POINT('',(33.5,16.,8.));
#3163=CARTESIAN_POINT('Origin',(-26.,-6.25,-1.5));
#3164=CARTESIAN_POINT('',(-25.5,12.5,-1.));
#3165=CARTESIAN_POINT('',(-25.5,-12.5,-1.));
#3166=CARTESIAN_POINT('',(-25.5,-6.25,-1.));
#3167=CARTESIAN_POINT('',(-26.5,-13.5,-2.));
#3168=CARTESIAN_POINT('',(-25.5,-12.5,-1.));
#3169=CARTESIAN_POINT('',(-26.5,13.5,-2.));
#3170=CARTESIAN_POINT('',(-26.5,-6.25,-2.));
#3171=CARTESIAN_POINT('',(-26.5,13.5,-2.));
#3172=CARTESIAN_POINT('Origin',(12.75,-13.,-1.5));
#3173=CARTESIAN_POINT('',(26.5,-13.5,-2.));
#3174=CARTESIAN_POINT('',(12.75,-13.5,-2.));
#3175=CARTESIAN_POINT('',(25.5,-12.5,-1.));
#3176=CARTESIAN_POINT('',(12.75,-12.5,-1.));
#3177=CARTESIAN_POINT('',(25.5,-12.5,-1.));
#3178=CARTESIAN_POINT('Origin',(26.,6.25,-1.5));
#3179=CARTESIAN_POINT('',(26.5,13.5,-2.));
#3180=CARTESIAN_POINT('',(26.5,6.25,-2.));
#3181=CARTESIAN_POINT('',(25.5,12.5,-1.));
#3182=CARTESIAN_POINT('',(25.5,6.25,-1.));
#3183=CARTESIAN_POINT('',(25.5,12.5,-1.));
#3184=CARTESIAN_POINT('Origin',(-12.75,13.,-1.5));
#3185=CARTESIAN_POINT('',(-12.75,13.5,-2.));
#3186=CARTESIAN_POINT('',(-12.75,12.5,-1.));
#3187=CARTESIAN_POINT('Origin',(25.5,-12.5,0.));
#3188=CARTESIAN_POINT('',(-25.5,-12.5,0.));
#3189=CARTESIAN_POINT('',(-25.5,-12.5,0.));
#3190=CARTESIAN_POINT('',(25.5,-12.5,0.));
#3191=CARTESIAN_POINT('',(12.75,-12.5,0.));
#3192=CARTESIAN_POINT('',(25.5,-12.5,0.));
#3193=CARTESIAN_POINT('Origin',(-25.5,-12.5,0.));
#3194=CARTESIAN_POINT('',(-25.5,12.5,0.));
#3195=CARTESIAN_POINT('',(-25.5,12.5,0.));
#3196=CARTESIAN_POINT('',(-25.5,-6.25,0.));
#3197=CARTESIAN_POINT('Origin',(0.,0.,-2.));
#3198=CARTESIAN_POINT('',(-32.5,17.,-2.));
#3199=CARTESIAN_POINT('',(-34.5,15.,-2.));
#3200=CARTESIAN_POINT('Origin',(-32.5,15.,-2.));
#3201=CARTESIAN_POINT('',(32.5,17.,-2.));
#3202=CARTESIAN_POINT('',(16.25,17.,-2.));
#3203=CARTESIAN_POINT('',(34.5,15.,-2.));
#3204=CARTESIAN_POINT('Origin',(32.5,15.,-2.));
#3205=CARTESIAN_POINT('',(34.5,-15.,-2.));
#3206=CARTESIAN_POINT('',(34.5,-7.5,-2.));
#3207=CARTESIAN_POINT('',(32.5,-17.,-2.));
#3208=CARTESIAN_POINT('Origin',(32.5,-15.,-2.));
#3209=CARTESIAN_POINT('',(-32.5,-17.,-2.));
#3210=CARTESIAN_POINT('',(-16.25,-17.,-2.));
#3211=CARTESIAN_POINT('',(-34.5,-15.,-2.));
#3212=CARTESIAN_POINT('Origin',(-32.5,-15.,-2.));
#3213=CARTESIAN_POINT('',(-34.5,7.5,-2.));
#3214=CARTESIAN_POINT('Origin',(-33.5,16.,8.));
#3215=CARTESIAN_POINT('',(-33.5,16.,8.));
#3216=CARTESIAN_POINT('',(-16.75,16.,8.));
#3217=CARTESIAN_POINT('',(-33.5,16.,8.));
#3218=CARTESIAN_POINT('Origin',(-33.5,-16.,8.));
#3219=CARTESIAN_POINT('',(-33.5,-8.,8.));
#3220=CARTESIAN_POINT('Origin',(-32.5,-15.,0.));
#3221=CARTESIAN_POINT('',(32.5,-15.,0.));
#3222=CARTESIAN_POINT('',(32.5,-15.,0.));
#3223=CARTESIAN_POINT('',(-32.5,-15.,0.));
#3224=CARTESIAN_POINT('',(32.5,-15.,0.));
#3225=CARTESIAN_POINT('',(-32.5,-15.,0.));
#3226=CARTESIAN_POINT('Origin',(32.5,-15.,0.));
#3227=CARTESIAN_POINT('',(32.5,15.,0.));
#3228=CARTESIAN_POINT('',(32.5,15.,0.));
#3229=CARTESIAN_POINT('',(32.5,15.,0.));
#3230=CARTESIAN_POINT('Origin',(25.5,12.5,0.));
#3231=CARTESIAN_POINT('',(25.5,12.5,0.));
#3232=CARTESIAN_POINT('',(25.5,6.25,0.));
#3233=CARTESIAN_POINT('',(25.5,12.5,0.));
#3234=CARTESIAN_POINT('Origin',(-25.5,12.5,0.));
#3235=CARTESIAN_POINT('',(-12.75,12.5,0.));
#3236=CARTESIAN_POINT('Origin',(-32.5,15.,0.));
#3237=CARTESIAN_POINT('',(-34.5,15.,8.));
#3238=CARTESIAN_POINT('',(-32.5,17.,8.));
#3239=CARTESIAN_POINT('Origin',(-32.5,15.,8.));
#3240=CARTESIAN_POINT('',(-32.5,17.,0.));
#3241=CARTESIAN_POINT('',(-34.5,15.,0.));
#3242=CARTESIAN_POINT('Origin',(-34.5,15.,0.));
#3243=CARTESIAN_POINT('',(-34.5,-15.,8.));
#3244=CARTESIAN_POINT('',(-34.5,-15.,0.));
#3245=CARTESIAN_POINT('',(-34.5,7.5,8.));
#3246=CARTESIAN_POINT('Origin',(-32.5,-15.,0.));
#3247=CARTESIAN_POINT('',(-32.5,-17.,8.));
#3248=CARTESIAN_POINT('Origin',(-32.5,-15.,8.));
#3249=CARTESIAN_POINT('',(-32.5,-17.,0.));
#3250=CARTESIAN_POINT('Origin',(-32.5,-17.,0.));
#3251=CARTESIAN_POINT('',(-16.25,-17.,8.));
#3252=CARTESIAN_POINT('',(32.5,-17.,0.));
#3253=CARTESIAN_POINT('Origin',(32.5,15.,0.));
#3254=CARTESIAN_POINT('',(32.5,17.,8.));
#3255=CARTESIAN_POINT('',(34.5,15.,8.));
#3256=CARTESIAN_POINT('Origin',(32.5,15.,8.));
#3257=CARTESIAN_POINT('',(34.5,15.,0.));
#3258=CARTESIAN_POINT('',(32.5,17.,0.));
#3259=CARTESIAN_POINT('Origin',(32.5,17.,0.));
#3260=CARTESIAN_POINT('',(16.25,17.,8.));
#3261=CARTESIAN_POINT('Origin',(32.5,-15.,0.));
#3262=CARTESIAN_POINT('',(34.5,-15.,0.));
#3263=CARTESIAN_POINT('Origin',(-32.5,15.,0.));
#3264=CARTESIAN_POINT('',(-32.5,15.,0.));
#3265=CARTESIAN_POINT('',(-32.5,-15.,0.));
#3266=CARTESIAN_POINT('',(-32.5,15.,0.));
#3267=CARTESIAN_POINT('Origin',(32.5,15.,0.));
#3268=CARTESIAN_POINT('',(-32.5,15.,0.));
#3269=CARTESIAN_POINT('Origin',(0.,0.,0.));
#3270=CARTESIAN_POINT('Origin',(34.5,-15.,0.));
#3271=CARTESIAN_POINT('',(34.5,-7.5,8.));
#3272=CARTESIAN_POINT('Origin',(0.,0.,8.));
#3273=CARTESIAN_POINT('Origin',(0.,-12.0934405405257,10.25));
#3274=CARTESIAN_POINT('',(-11.5,-13.0934405405257,10.25));
#3275=CARTESIAN_POINT('Origin',(-11.5,-12.0934405405257,10.25));
#3276=CARTESIAN_POINT('',(-9.71008533787016,-13.0934405405257,10.25));
#3277=CARTESIAN_POINT('',(0.,-13.0934405405257,10.25));
#3278=CARTESIAN_POINT('Origin',(-9.71008533787016,-12.0934405405257,10.25));
#3279=CARTESIAN_POINT('Origin',(-11.5,-12.0934405405257,10.25));
#3280=CARTESIAN_POINT('Origin',(0.,-12.0934405405257,10.25));
#3281=CARTESIAN_POINT('',(10.2899146621298,-13.0934405405257,10.25));
#3282=CARTESIAN_POINT('Origin',(10.2899146621298,-12.0934405405257,10.25));
#3283=CARTESIAN_POINT('',(11.5,-13.0934405405257,10.25));
#3284=CARTESIAN_POINT('',(0.,-13.0934405405257,10.25));
#3285=CARTESIAN_POINT('Origin',(11.5,-12.0934405405257,10.25));
#3286=CARTESIAN_POINT('Origin',(11.5,-12.0934405405257,10.25));
#3287=CARTESIAN_POINT('Origin',(10.2899146621298,14.4065594594743,11.5));
#3288=CARTESIAN_POINT('',(10.2899146621298,14.4065594594743,11.5));
#3289=CARTESIAN_POINT('',(10.2899146621298,-13.5934405405257,11.5));
#3290=CARTESIAN_POINT('',(10.2899146621298,7.20327972973714,11.5));
#3291=CARTESIAN_POINT('',(10.2899146621298,14.4065594594743,9.));
#3292=CARTESIAN_POINT('',(10.2899146621298,14.4065594594743,11.5));
#3293=CARTESIAN_POINT('',(10.2899146621298,-13.5934405405257,9.));
#3294=CARTESIAN_POINT('',(10.2899146621298,14.4065594594743,9.));
#3295=CARTESIAN_POINT('',(10.2899146621298,-13.5934405405257,11.5));
#3296=CARTESIAN_POINT('Origin',(-9.71008533787016,14.4065594594743,11.5));
#3297=CARTESIAN_POINT('',(-9.71008533787016,14.4065594594743,11.5));
#3298=CARTESIAN_POINT('',(-4.85504266893508,14.4065594594743,11.5));
#3299=CARTESIAN_POINT('',(-9.71008533787016,14.4065594594743,9.));
#3300=CARTESIAN_POINT('',(-9.71008533787016,14.4065594594743,11.5));
#3301=CARTESIAN_POINT('',(-9.71008533787016,14.4065594594743,9.));
#3302=CARTESIAN_POINT('Origin',(-9.71008533787016,-13.5934405405257,11.5));
#3303=CARTESIAN_POINT('',(-9.71008533787016,-13.5934405405257,11.5));
#3304=CARTESIAN_POINT('',(-9.71008533787016,-6.79672027026286,11.5));
#3305=CARTESIAN_POINT('',(-9.71008533787016,-13.5934405405257,9.));
#3306=CARTESIAN_POINT('',(-9.71008533787016,-13.5934405405257,11.5));
#3307=CARTESIAN_POINT('',(-9.71008533787016,-13.5934405405257,9.));
#3308=CARTESIAN_POINT('Origin',(10.2899146621298,-13.5934405405257,11.5));
#3309=CARTESIAN_POINT('',(5.14495733106492,-13.5934405405257,11.5));
#3310=CARTESIAN_POINT('',(10.2899146621298,-13.5934405405257,9.));
#3311=CARTESIAN_POINT('Origin',(0.289914662129842,0.406559459474276,9.));
#3312=CARTESIAN_POINT('Origin',(16.65,16.1,4.7));
#3313=CARTESIAN_POINT('',(-33.,16.1,4.5));
#3314=CARTESIAN_POINT('',(-32.8,16.3,4.7));
#3315=CARTESIAN_POINT('Origin',(-33.,16.1,4.7));
#3316=CARTESIAN_POINT('',(32.8,16.3,4.7));
#3317=CARTESIAN_POINT('',(16.65,16.3,4.7));
#3318=CARTESIAN_POINT('',(33.,16.1,4.5));
#3319=CARTESIAN_POINT('Origin',(33.,16.1,4.7));
#3320=CARTESIAN_POINT('',(16.65,16.1,4.5));
#3321=CARTESIAN_POINT('Origin',(0.,16.3,4.75));
#3322=CARTESIAN_POINT('',(-32.8,16.3,4.8));
#3323=CARTESIAN_POINT('',(-32.8,16.3,3.875));
#3324=CARTESIAN_POINT('',(32.8,16.3,4.8));
#3325=CARTESIAN_POINT('',(-16.65,16.3,4.8));
#3326=CARTESIAN_POINT('',(32.8,16.3,3.875));
#3327=CARTESIAN_POINT('Origin',(-33.05,16.05,3.875));
#3328=CARTESIAN_POINT('',(-33.3,15.8,4.5));
#3329=CARTESIAN_POINT('',(-16.5250000000001,32.575,4.5));
#3330=CARTESIAN_POINT('',(-33.3,15.8,5.));
#3331=CARTESIAN_POINT('',(-33.3,15.8,3.875));
#3332=CARTESIAN_POINT('',(-33.,16.1,5.));
#3333=CARTESIAN_POINT('',(-33.175,15.925,5.));
#3334=CARTESIAN_POINT('Origin',(-33.,16.1,4.8));
#3335=CARTESIAN_POINT('Origin',(-16.65,16.1,4.8));
#3336=CARTESIAN_POINT('',(33.,16.1,5.));
#3337=CARTESIAN_POINT('Origin',(33.,16.1,4.8));
#3338=CARTESIAN_POINT('',(-16.65,16.1,5.));
#3339=CARTESIAN_POINT('Origin',(-33.3,15.8,5.));
#3340=CARTESIAN_POINT('',(33.3,15.8,5.));
#3341=CARTESIAN_POINT('',(0.1,15.8,5.));
#3342=CARTESIAN_POINT('',(16.5250000000001,32.575,5.));
#3343=CARTESIAN_POINT('Origin',(-16.65,-16.1,4.8));
#3344=CARTESIAN_POINT('',(32.8,-16.3,4.8));
#3345=CARTESIAN_POINT('',(33.,-16.1,5.));
#3346=CARTESIAN_POINT('Origin',(33.,-16.1,4.8));
#3347=CARTESIAN_POINT('',(-33.,-16.1,5.));
#3348=CARTESIAN_POINT('',(-16.65,-16.1,5.));
#3349=CARTESIAN_POINT('',(-32.8,-16.3,4.8));
#3350=CARTESIAN_POINT('Origin',(-33.,-16.1,4.8));
#3351=CARTESIAN_POINT('',(-16.65,-16.3,4.8));
#3352=CARTESIAN_POINT('Origin',(33.05,-16.05,3.875));
#3353=CARTESIAN_POINT('',(32.8,-16.3,4.7));
#3354=CARTESIAN_POINT('',(32.8,-16.3,3.875));
#3355=CARTESIAN_POINT('',(33.,-16.1,4.5));
#3356=CARTESIAN_POINT('Origin',(33.,-16.1,4.7));
#3357=CARTESIAN_POINT('',(33.3,-15.8,4.5));
#3358=CARTESIAN_POINT('',(33.175,-15.925,4.5));
#3359=CARTESIAN_POINT('',(33.3,-15.8,5.));
#3360=CARTESIAN_POINT('',(33.3,-15.8,3.875));
#3361=CARTESIAN_POINT('',(16.5250000000001,-32.575,5.));
#3362=CARTESIAN_POINT('Origin',(0.,-16.3,4.75));
#3363=CARTESIAN_POINT('',(-32.8,-16.3,4.7));
#3364=CARTESIAN_POINT('',(-32.8,-16.3,3.875));
#3365=CARTESIAN_POINT('',(16.65,-16.3,4.7));
#3366=CARTESIAN_POINT('Origin',(16.65,-16.1,4.7));
#3367=CARTESIAN_POINT('',(-33.,-16.1,4.5));
#3368=CARTESIAN_POINT('Origin',(-33.,-16.1,4.7));
#3369=CARTESIAN_POINT('',(16.65,-16.1,4.5));
#3370=CARTESIAN_POINT('Origin',(33.3,-15.8,4.5));
#3371=CARTESIAN_POINT('',(-33.3,-15.8,4.5));
#3372=CARTESIAN_POINT('',(-16.5250000000001,-32.575,4.5));
#3373=CARTESIAN_POINT('',(29.5666880050531,-15.8,4.5));
#3374=CARTESIAN_POINT('',(-0.100000000000002,-15.8,4.5));
#3375=CARTESIAN_POINT('',(31.0666880050531,-15.8,4.5));
#3376=CARTESIAN_POINT('',(-33.3,-15.8,4.5));
#3377=CARTESIAN_POINT('',(-0.100000000000002,-15.8,4.5));
#3378=CARTESIAN_POINT('Origin',(-33.05,-16.05,3.875));
#3379=CARTESIAN_POINT('',(-33.3,-15.8,5.));
#3380=CARTESIAN_POINT('',(-33.175,-15.925,5.));
#3381=CARTESIAN_POINT('',(-33.3,-15.8,3.875));
#3382=CARTESIAN_POINT('Origin',(33.3,15.8,4.5));
#3383=CARTESIAN_POINT('',(33.3,15.8,4.5));
#3384=CARTESIAN_POINT('',(33.175,15.925,4.5));
#3385=CARTESIAN_POINT('',(33.4,15.8,4.5));
#3386=CARTESIAN_POINT('Origin',(33.05,16.05,3.875));
#3387=CARTESIAN_POINT('',(33.3,15.8,3.875));
#3388=CARTESIAN_POINT('Origin',(0.,-15.8,4.75));
#3389=CARTESIAN_POINT('',(31.0666880050531,-15.8,5.));
#3390=CARTESIAN_POINT('',(31.0666880050531,-15.8,5.5));
#3391=CARTESIAN_POINT('',(29.5666880050531,-15.8,5.));
#3392=CARTESIAN_POINT('',(29.5666880050531,-15.8,3.));
#3393=CARTESIAN_POINT('',(33.3,-15.8,5.));
#3394=CARTESIAN_POINT('Origin',(-33.3,-15.8,5.));
#3395=CARTESIAN_POINT('',(-33.4,-15.8,5.));
#3396=CARTESIAN_POINT('',(-33.4,-15.8,5.));
#3397=CARTESIAN_POINT('Origin',(-33.5,-15.8,3.));
#3398=CARTESIAN_POINT('',(31.0666880050531,-15.8,3.));
#3399=CARTESIAN_POINT('',(31.0666880050531,-15.8,5.5));
#3400=CARTESIAN_POINT('',(33.3,-15.8,3.));
#3401=CARTESIAN_POINT('',(-16.75,-15.8,3.));
#3402=CARTESIAN_POINT('',(33.3,-15.8,3.));
#3403=CARTESIAN_POINT('Origin',(-33.5,-15.8,3.));
#3404=CARTESIAN_POINT('',(33.3,-15.8,8.));
#3405=CARTESIAN_POINT('',(33.3,-15.8,3.));
#3406=CARTESIAN_POINT('',(31.0666880050531,-15.8,8.));
#3407=CARTESIAN_POINT('',(-16.75,-15.8,8.));
#3408=CARTESIAN_POINT('',(31.0666880050531,-15.8,5.5));
#3409=CARTESIAN_POINT('Origin',(-33.5,-15.8,3.));
#3410=CARTESIAN_POINT('',(29.5666880050531,-15.8,8.));
#3411=CARTESIAN_POINT('',(29.5666880050531,-15.8,3.));
#3412=CARTESIAN_POINT('',(-33.3,-15.8,8.));
#3413=CARTESIAN_POINT('',(-16.75,-15.8,8.));
#3414=CARTESIAN_POINT('',(-33.3,-15.8,3.));
#3415=CARTESIAN_POINT('Origin',(-33.5,-15.8,3.));
#3416=CARTESIAN_POINT('',(-33.3,-15.8,3.));
#3417=CARTESIAN_POINT('',(-33.3,-15.8,3.));
#3418=CARTESIAN_POINT('',(29.5666880050531,-15.8,3.));
#3419=CARTESIAN_POINT('',(-16.75,-15.8,3.));
#3420=CARTESIAN_POINT('',(29.5666880050531,-15.8,3.));
#3421=CARTESIAN_POINT('Origin',(33.5,15.8,3.));
#3422=CARTESIAN_POINT('',(33.3,15.8,3.));
#3423=CARTESIAN_POINT('',(33.3,15.8,3.));
#3424=CARTESIAN_POINT('',(-33.3,15.8,3.));
#3425=CARTESIAN_POINT('',(16.75,15.8,3.));
#3426=CARTESIAN_POINT('',(-33.3,15.8,3.));
#3427=CARTESIAN_POINT('Origin',(29.5666880050531,-16.,3.));
#3428=CARTESIAN_POINT('',(29.5666880050531,-15.,3.));
#3429=CARTESIAN_POINT('',(29.5666880050531,-8.,3.));
#3430=CARTESIAN_POINT('',(29.5666880050531,-15.,8.));
#3431=CARTESIAN_POINT('',(29.5666880050531,-15.,3.));
#3432=CARTESIAN_POINT('',(29.5666880050531,-17.,8.));
#3433=CARTESIAN_POINT('Origin',(31.0666880050531,-16.,8.));
#3434=CARTESIAN_POINT('',(31.0666880050531,-15.,8.));
#3435=CARTESIAN_POINT('',(31.0666880050531,-17.,8.));
#3436=CARTESIAN_POINT('',(31.0666880050531,-15.,3.));
#3437=CARTESIAN_POINT('',(31.0666880050531,-15.,5.5));
#3438=CARTESIAN_POINT('',(31.0666880050531,-8.,3.));
#3439=CARTESIAN_POINT('Origin',(0.,0.,3.));
#3440=CARTESIAN_POINT('',(32.5,-15.,3.));
#3441=CARTESIAN_POINT('',(-16.25,-15.,3.));
#3442=CARTESIAN_POINT('',(32.5,-13.7457087829576,3.));
#3443=CARTESIAN_POINT('',(32.5,-7.5,3.));
#3444=CARTESIAN_POINT('',(33.3,-13.7457087829576,3.));
#3445=CARTESIAN_POINT('',(16.75,-13.7457087829576,3.));
#3446=CARTESIAN_POINT('',(33.3,-8.,3.));
#3447=CARTESIAN_POINT('Origin',(32.5,-15.,3.));
#3448=CARTESIAN_POINT('',(30.8757049994281,-15.,8.5));
#3449=CARTESIAN_POINT('Origin',(30.3166880050531,-15.,8.));
#3450=CARTESIAN_POINT('',(32.5,-15.,8.5));
#3451=CARTESIAN_POINT('',(-16.25,-15.,8.5));
#3452=CARTESIAN_POINT('',(32.5,-15.,3.));
#3453=CARTESIAN_POINT('Origin',(30.3166880050531,-17.,8.));
#3454=CARTESIAN_POINT('',(29.7576710106782,-15.,8.5));
#3455=CARTESIAN_POINT('Origin',(30.3166880050531,-15.,8.));
#3456=CARTESIAN_POINT('',(29.7576710106782,-12.5,8.5));
#3457=CARTESIAN_POINT('',(29.7576710106782,-17.,8.5));
#3458=CARTESIAN_POINT('',(30.8166880050531,-12.5,8.55901699437495));
#3459=CARTESIAN_POINT('Origin',(30.3166880050531,-12.5,8.));
#3460=CARTESIAN_POINT('',(30.3166880050531,-13.,8.75));
#3461=CARTESIAN_POINT('Origin',(30.3166880050531,-13.,8.));
#3462=CARTESIAN_POINT('',(30.1,-12.7833119949469,8.71801553497547));
#3463=CARTESIAN_POINT('Origin',(30.3166880050531,-13.,8.));
#3464=CARTESIAN_POINT('',(30.1,-13.2166880050531,8.71801553497547));
#3465=CARTESIAN_POINT('',(30.1,-17.,8.71801553497546));
#3466=CARTESIAN_POINT('Origin',(30.3166880050531,-13.,8.));
#3467=CARTESIAN_POINT('',(30.8757049994281,-13.5590169943749,8.5));
#3468=CARTESIAN_POINT('Origin',(30.3166880050531,-13.,8.));
#3469=CARTESIAN_POINT('',(30.8757049994281,-17.,8.5));
#3470=CARTESIAN_POINT('',(31.0666880050531,-17.,8.));
#3471=CARTESIAN_POINT('',(31.0666880050531,-17.,8.));
#3472=CARTESIAN_POINT('',(29.5666880050531,-17.,8.));
#3473=CARTESIAN_POINT('Origin',(30.3166880050531,-17.,8.));
#3474=CARTESIAN_POINT('',(29.5666880050531,-17.,8.));
#3475=CARTESIAN_POINT('Origin',(30.3166880050531,-12.5,8.));
#3476=CARTESIAN_POINT('',(30.1,-12.5,8.5));
#3477=CARTESIAN_POINT('',(15.1583440025266,-12.5,8.5));
#3478=CARTESIAN_POINT('',(30.1,-12.5,8.55901699437494));
#3479=CARTESIAN_POINT('',(30.1,-12.5,8.));
#3480=CARTESIAN_POINT('',(34.5,-12.5,8.55901699437494));
#3481=CARTESIAN_POINT('Origin',(0.,0.,8.));
#3482=CARTESIAN_POINT('',(-32.5,-17.,8.));
#3483=CARTESIAN_POINT('',(-32.5,-17.,8.));
#3484=CARTESIAN_POINT('',(-34.5,-15.,8.));
#3485=CARTESIAN_POINT('Origin',(-32.5,-15.,8.));
#3486=CARTESIAN_POINT('',(-34.5,15.,8.));
#3487=CARTESIAN_POINT('',(-34.5,15.,8.));
#3488=CARTESIAN_POINT('',(-32.5,17.,8.));
#3489=CARTESIAN_POINT('Origin',(-32.5,15.,8.));
#3490=CARTESIAN_POINT('',(32.5,17.,8.));
#3491=CARTESIAN_POINT('',(32.5,17.,8.));
#3492=CARTESIAN_POINT('',(34.5,15.,8.));
#3493=CARTESIAN_POINT('Origin',(32.5,15.,8.));
#3494=CARTESIAN_POINT('',(34.5,-12.25,8.));
#3495=CARTESIAN_POINT('',(34.5,-15.,8.));
#3496=CARTESIAN_POINT('',(33.3,-12.25,8.));
#3497=CARTESIAN_POINT('',(34.5,-12.25,8.));
#3498=CARTESIAN_POINT('',(33.3,15.8,8.));
#3499=CARTESIAN_POINT('',(33.3,-8.,8.));
#3500=CARTESIAN_POINT('',(-33.3,15.8,8.));
#3501=CARTESIAN_POINT('',(16.75,15.8,8.));
#3502=CARTESIAN_POINT('',(-33.3,8.,8.));
#3503=CARTESIAN_POINT('Origin',(34.5,-13.,8.));
#3504=CARTESIAN_POINT('',(30.1,-12.4409830056251,8.5));
#3505=CARTESIAN_POINT('Origin',(30.1,-13.,8.));
#3506=CARTESIAN_POINT('',(32.5,-12.4409830056251,8.5));
#3507=CARTESIAN_POINT('',(34.5,-12.4409830056251,8.5));
#3508=CARTESIAN_POINT('',(32.5,-12.25,8.));
#3509=CARTESIAN_POINT('Origin',(32.5,-13.,8.));
#3510=CARTESIAN_POINT('',(34.5,-12.25,8.));
#3511=CARTESIAN_POINT('',(34.5,-13.75,8.));
#3512=CARTESIAN_POINT('Origin',(34.5,-13.,8.));
#3513=CARTESIAN_POINT('',(33.3,-13.75,8.));
#3514=CARTESIAN_POINT('',(34.5,-13.75,8.));
#3515=CARTESIAN_POINT('',(33.3,-13.7457087829576,7.9198850137622));
#3516=CARTESIAN_POINT('Origin',(33.3,-13.,8.));
#3517=CARTESIAN_POINT('',(32.5,-13.7457087829576,7.9198850137622));
#3518=CARTESIAN_POINT('',(34.5,-13.7457087829576,7.9198850137622));
#3519=CARTESIAN_POINT('',(32.5,-13.5590169943749,8.5));
#3520=CARTESIAN_POINT('Origin',(32.5,-13.,8.));
#3521=CARTESIAN_POINT('',(34.5,-13.5590169943749,8.5));
#3522=CARTESIAN_POINT('Origin',(34.5,-13.,8.));
#3523=CARTESIAN_POINT('Origin',(30.1,-13.,8.));
#3524=CARTESIAN_POINT('Origin',(4.44089209850063E-15,0.,8.5));
#3525=CARTESIAN_POINT('',(-32.5,-15.,8.5));
#3526=CARTESIAN_POINT('',(-16.25,-15.,8.5));
#3527=CARTESIAN_POINT('',(-32.5,15.,8.5));
#3528=CARTESIAN_POINT('',(-32.5,7.5,8.5));
#3529=CARTESIAN_POINT('',(32.5,15.,8.5));
#3530=CARTESIAN_POINT('',(16.25,15.,8.5));
#3531=CARTESIAN_POINT('',(32.5,-7.5,8.5));
#3532=CARTESIAN_POINT('',(30.1,-6.5,8.5));
#3533=CARTESIAN_POINT('Origin',(4.44089209850063E-15,0.,8.5));
#3534=CARTESIAN_POINT('',(32.5,-7.5,8.5));
#3535=CARTESIAN_POINT('Origin',(30.1,-13.,8.));
#3536=CARTESIAN_POINT('Origin',(33.5,-12.25,8.));
#3537=CARTESIAN_POINT('',(32.5,-12.25,3.));
#3538=CARTESIAN_POINT('',(32.5,-12.25,5.50000000000001));
#3539=CARTESIAN_POINT('',(33.3,-12.25,3.));
#3540=CARTESIAN_POINT('',(16.75,-12.25,3.));
#3541=CARTESIAN_POINT('',(33.3,-12.25,5.5));
#3542=CARTESIAN_POINT('Origin',(33.5,-13.7457087829576,3.));
#3543=CARTESIAN_POINT('',(32.5,-13.7457087829576,3.));
#3544=CARTESIAN_POINT('',(33.3,-13.7457087829576,3.));
#3545=CARTESIAN_POINT('Origin',(33.3,-16.,3.));
#3546=CARTESIAN_POINT('',(33.3,15.8,3.));
#3547=CARTESIAN_POINT('',(33.3,-8.,3.));
#3548=CARTESIAN_POINT('Origin',(33.3,-16.,3.));
#3549=CARTESIAN_POINT('',(33.3,-8.,8.));
#3550=CARTESIAN_POINT('Origin',(32.5,15.,3.));
#3551=CARTESIAN_POINT('',(32.5,15.,3.));
#3552=CARTESIAN_POINT('',(32.5,15.,3.));
#3553=CARTESIAN_POINT('',(32.5,-7.5,3.));
#3554=CARTESIAN_POINT('Origin',(30.1,-13.,8.));
#3555=CARTESIAN_POINT('Origin',(4.44089209850063E-15,0.,11.5));
#3556=CARTESIAN_POINT('',(34.5,15.,11.5));
#3557=CARTESIAN_POINT('',(32.5,17.,11.5));
#3558=CARTESIAN_POINT('Origin',(32.5,15.,11.5));
#3559=CARTESIAN_POINT('',(-32.5,17.,11.5));
#3560=CARTESIAN_POINT('',(32.5,17.,11.5));
#3561=CARTESIAN_POINT('',(-34.5,15.,11.5));
#3562=CARTESIAN_POINT('Origin',(-32.5,15.,11.5));
#3563=CARTESIAN_POINT('',(-34.5,-15.,11.5));
#3564=CARTESIAN_POINT('',(-34.5,15.,11.5));
#3565=CARTESIAN_POINT('',(-32.5,-17.,11.5));
#3566=CARTESIAN_POINT('Origin',(-32.5,-15.,11.5));
#3567=CARTESIAN_POINT('',(32.5,-17.,11.5));
#3568=CARTESIAN_POINT('',(-32.5,-17.,11.5));
#3569=CARTESIAN_POINT('',(34.5,-15.,11.5));
#3570=CARTESIAN_POINT('Origin',(32.5,-15.,11.5));
#3571=CARTESIAN_POINT('',(34.5,-15.,11.5));
#3572=CARTESIAN_POINT('Origin',(32.5,15.,8.));
#3573=CARTESIAN_POINT('',(32.5,17.,8.));
#3574=CARTESIAN_POINT('',(34.5,15.,8.));
#3575=CARTESIAN_POINT('Origin',(34.5,-15.,8.));
#3576=CARTESIAN_POINT('',(34.5,-15.,8.));
#3577=CARTESIAN_POINT('',(34.5,-15.,8.));
#3578=CARTESIAN_POINT('',(34.5,-15.,8.));
#3579=CARTESIAN_POINT('Origin',(32.5,-15.,8.));
#3580=CARTESIAN_POINT('',(32.5,-17.,8.));
#3581=CARTESIAN_POINT('Origin',(32.5,-15.,8.));
#3582=CARTESIAN_POINT('',(32.5,-17.,8.));
#3583=CARTESIAN_POINT('Origin',(-32.5,-17.,8.));
#3584=CARTESIAN_POINT('',(-32.5,-17.,8.));
#3585=CARTESIAN_POINT('',(-32.5,-17.,8.));
#3586=CARTESIAN_POINT('Origin',(-32.5,-15.,8.));
#3587=CARTESIAN_POINT('',(-34.5,-15.,8.));
#3588=CARTESIAN_POINT('Origin',(-34.5,15.,8.));
#3589=CARTESIAN_POINT('',(-34.5,15.,8.));
#3590=CARTESIAN_POINT('Origin',(-32.5,15.,8.));
#3591=CARTESIAN_POINT('',(-32.5,17.,8.));
#3592=CARTESIAN_POINT('Origin',(32.5,17.,8.));
#3593=CARTESIAN_POINT('Origin',(0.,0.,8.));
#3594=CARTESIAN_POINT('Origin',(-33.3,16.,3.));
#3595=CARTESIAN_POINT('',(-33.3,15.8,3.));
#3596=CARTESIAN_POINT('',(-33.3,8.,3.));
#3597=CARTESIAN_POINT('Origin',(33.5,15.8,3.));
#3598=CARTESIAN_POINT('Origin',(-32.5,15.,3.));
#3599=CARTESIAN_POINT('',(-32.5,15.,3.));
#3600=CARTESIAN_POINT('',(16.25,15.,3.));
#3601=CARTESIAN_POINT('',(-32.5,15.,3.));
#3602=CARTESIAN_POINT('Origin',(-32.5,-15.,3.));
#3603=CARTESIAN_POINT('',(-32.5,-15.,3.));
#3604=CARTESIAN_POINT('',(-32.5,7.5,3.));
#3605=CARTESIAN_POINT('',(-32.5,-15.,3.));
#3606=CARTESIAN_POINT('Origin',(32.5,-15.,3.));
#3607=CARTESIAN_POINT('',(-16.25,-15.,3.));
#3608=CARTESIAN_POINT('Origin',(32.5,15.,3.));
#3609=CARTESIAN_POINT('Origin',(0.,0.,3.));
#3610=CARTESIAN_POINT('Origin',(-20.,0.,11.3));
#3611=CARTESIAN_POINT('',(-25.25,6.4293956955236E-16,11.3));
#3612=CARTESIAN_POINT('Origin',(-20.,0.,11.3));
#3613=CARTESIAN_POINT('Origin',(-20.,0.,8.5));
#3614=CARTESIAN_POINT('',(-25.25,6.4293956955236E-16,9.5));
#3615=CARTESIAN_POINT('Origin',(-20.,0.,9.5));
#3616=CARTESIAN_POINT('',(-25.25,-6.4293956955236E-16,8.5));
#3617=CARTESIAN_POINT('Origin',(-20.,0.,9.5));
#3618=CARTESIAN_POINT('Origin',(20.,0.,11.3));
#3619=CARTESIAN_POINT('',(14.75,6.4293956955236E-16,11.3));
#3620=CARTESIAN_POINT('Origin',(20.,0.,11.3));
#3621=CARTESIAN_POINT('Origin',(20.,0.,8.5));
#3622=CARTESIAN_POINT('',(14.75,6.4293956955236E-16,9.5));
#3623=CARTESIAN_POINT('Origin',(20.,0.,9.5));
#3624=CARTESIAN_POINT('',(14.75,-6.4293956955236E-16,8.5));
#3625=CARTESIAN_POINT('Origin',(20.,0.,9.5));
#3626=CARTESIAN_POINT('Origin',(5.,13.1565594594743,11.5));
#3627=CARTESIAN_POINT('',(-5.,13.1565594594743,9.25));
#3628=CARTESIAN_POINT('',(5.,13.1565594594743,9.25));
#3629=CARTESIAN_POINT('',(2.64495733106492,13.1565594594743,9.25));
#3630=CARTESIAN_POINT('',(-5.,13.1565594594743,11.5));
#3631=CARTESIAN_POINT('',(-5.,13.1565594594743,11.5));
#3632=CARTESIAN_POINT('',(5.,13.1565594594743,11.5));
#3633=CARTESIAN_POINT('',(2.64495733106492,13.1565594594743,11.5));
#3634=CARTESIAN_POINT('',(5.,13.1565594594743,11.5));
#3635=CARTESIAN_POINT('Origin',(5.,14.1565594594743,11.5));
#3636=CARTESIAN_POINT('',(5.,13.4565594594743,9.25));
#3637=CARTESIAN_POINT('',(5.,7.28155945947427,9.25));
#3638=CARTESIAN_POINT('',(5.,14.1565594594743,11.5));
#3639=CARTESIAN_POINT('',(5.,7.28155945947427,11.5));
#3640=CARTESIAN_POINT('',(5.,14.1565594594743,11.5));
#3641=CARTESIAN_POINT('Origin',(-5.,13.1565594594743,11.5));
#3642=CARTESIAN_POINT('',(-5.,13.4565594594743,9.25));
#3643=CARTESIAN_POINT('',(-5.,6.78155945947427,9.25));
#3644=CARTESIAN_POINT('',(-5.,14.1565594594743,11.5));
#3645=CARTESIAN_POINT('',(-5.,14.1124351911267,11.358171994597));
#3646=CARTESIAN_POINT('',(-5.,6.78155945947427,11.5));
#3647=CARTESIAN_POINT('Origin',(0.289914662129842,0.406559459474274,9.25));
#3648=CARTESIAN_POINT('',(10.0399146621298,13.4565594594743,9.25));
#3649=CARTESIAN_POINT('',(-4.58508533787016,13.4565594594743,9.25));
#3650=CARTESIAN_POINT('',(10.0399146621298,-12.1544727093243,9.25));
#3651=CARTESIAN_POINT('',(10.0399146621298,-6.59344054052573,9.25));
#3652=CARTESIAN_POINT('',(-9.46008533787016,-12.1544727093243,9.25));
#3653=CARTESIAN_POINT('',(5.28991466212984,-12.1544727093243,9.25));
#3654=CARTESIAN_POINT('',(-9.46008533787016,13.4565594594743,9.25));
#3655=CARTESIAN_POINT('',(-9.46008533787016,7.40655945947427,9.25));
#3656=CARTESIAN_POINT('',(-4.58508533787016,13.4565594594743,9.25));
#3657=CARTESIAN_POINT('Origin',(-9.46008533787016,14.1565594594743,11.5));
#3658=CARTESIAN_POINT('',(10.0399146621298,14.1565594594743,11.5));
#3659=CARTESIAN_POINT('',(5.28991466212984,14.1565594594743,11.5));
#3660=CARTESIAN_POINT('',(10.0399146621298,12.5775409993212,6.4245835209365));
#3661=CARTESIAN_POINT('Origin',(-9.46008533787016,14.1565594594743,11.5));
#3662=CARTESIAN_POINT('',(-9.46008533787016,14.1565594594743,11.5));
#3663=CARTESIAN_POINT('',(-9.46008533787016,13.8130205130537,10.3957676722197));
#3664=CARTESIAN_POINT('',(5.28991466212984,14.1565594594743,11.5));
#3665=CARTESIAN_POINT('Origin',(10.0399146621298,-13.5934405405257,9.));
#3666=CARTESIAN_POINT('',(10.0399146621298,-13.2934405405257,11.5));
#3667=CARTESIAN_POINT('',(10.0399146621298,-6.59344054052573,11.5));
#3668=CARTESIAN_POINT('',(10.0399146621298,-13.395568757433,10.648931525773));
#3669=CARTESIAN_POINT('',(10.0399146621298,-13.4434405405257,10.25));
#3670=CARTESIAN_POINT('Origin',(10.0399146621298,-12.1544727093243,10.5));
#3671=CARTESIAN_POINT('',(10.0399146621298,-11.2434405405257,10.25));
#3672=CARTESIAN_POINT('Origin',(10.0399146621298,-12.0934405405257,10.25));
#3673=CARTESIAN_POINT('Origin',(5.28991466212984,-12.1544727093243,10.5));
#3674=CARTESIAN_POINT('',(-9.46008533787016,-13.395568757433,10.648931525773));
#3675=CARTESIAN_POINT('',(5.28991466212984,-13.395568757433,10.648931525773));
#3676=CARTESIAN_POINT('Origin',(-9.46008533787016,-12.1544727093243,10.5));
#3677=CARTESIAN_POINT('Origin',(-9.46008533787016,14.4065594594743,9.));
#3678=CARTESIAN_POINT('',(-9.46008533787016,-13.2934405405257,11.5));
#3679=CARTESIAN_POINT('',(-9.46008533787016,-13.2447023701787,11.9061514195584));
#3680=CARTESIAN_POINT('',(-9.46008533787016,7.40655945947427,11.5));
#3681=CARTESIAN_POINT('',(-9.46008533787016,-11.2434405405257,10.25));
#3682=CARTESIAN_POINT('Origin',(-9.46008533787016,-12.0934405405257,10.25));
#3683=CARTESIAN_POINT('Origin',(10.2899146621298,-13.2934405405257,11.5));
#3684=CARTESIAN_POINT('',(5.28991466212984,-13.2934405405257,11.5));
#3685=CARTESIAN_POINT('Origin',(0.289914662129842,0.406559459474274,11.5));
#3686=CARTESIAN_POINT('Origin',(11.5,-12.0934405405257,10.25));
#3687=CARTESIAN_POINT('',(-11.5,-11.2434405405257,10.25));
#3688=CARTESIAN_POINT('Origin',(-11.5,-12.0934405405257,10.25));
#3689=CARTESIAN_POINT('',(11.5,-11.2434405405257,10.25));
#3690=CARTESIAN_POINT('Origin',(11.5,-12.0934405405257,10.25));
#3691=CARTESIAN_POINT('',(11.5,-11.2434405405257,10.25));
#3692=CARTESIAN_POINT('',(11.5,-11.2434405405257,10.25));
#3693=CARTESIAN_POINT('Origin',(11.5,-12.0934405405257,10.25));
#3694=CARTESIAN_POINT('Origin',(-11.5,-12.0934405405257,10.25));
#3695=CARTESIAN_POINT('Origin',(11.5,-12.0934405405257,10.25));
#3696=UNCERTAINTY_MEASURE_WITH_UNIT(LENGTH_MEASURE(0.01),#3700,
'DISTANCE_ACCURACY_VALUE',
'Maximum model space distance between geometric entities at asserted c
onnectivities');
#3697=UNCERTAINTY_MEASURE_WITH_UNIT(LENGTH_MEASURE(0.01),#3700,
'DISTANCE_ACCURACY_VALUE',
'Maximum model space distance between geometric entities at asserted c
onnectivities');
#3698=(
GEOMETRIC_REPRESENTATION_CONTEXT(3)
GLOBAL_UNCERTAINTY_ASSIGNED_CONTEXT((#3696))
GLOBAL_UNIT_ASSIGNED_CONTEXT((#3700,#3702,#3703))
REPRESENTATION_CONTEXT('','3D')
);
#3699=(
GEOMETRIC_REPRESENTATION_CONTEXT(3)
GLOBAL_UNCERTAINTY_ASSIGNED_CONTEXT((#3697))
GLOBAL_UNIT_ASSIGNED_CONTEXT((#3700,#3702,#3703))
REPRESENTATION_CONTEXT('','3D')
);
#3700=(
LENGTH_UNIT()
NAMED_UNIT(*)
SI_UNIT(.MILLI.,.METRE.)
);
#3701=(
LENGTH_UNIT()
NAMED_UNIT(*)
SI_UNIT($,.METRE.)
);
#3702=(
NAMED_UNIT(*)
PLANE_ANGLE_UNIT()
SI_UNIT($,.RADIAN.)
);
#3703=(
NAMED_UNIT(*)
SI_UNIT($,.STERADIAN.)
SOLID_ANGLE_UNIT()
);
#3704=SHAPE_DEFINITION_REPRESENTATION(#3705,#3706);
#3705=PRODUCT_DEFINITION_SHAPE('',$,#3708);
#3706=SHAPE_REPRESENTATION('',(#2256),#3698);
#3707=PRODUCT_DEFINITION_CONTEXT('part definition',#3712,'design');
#3708=PRODUCT_DEFINITION('EPD case','EPD case v4',#3709,#3707);
#3709=PRODUCT_DEFINITION_FORMATION('',$,#3714);
#3710=PRODUCT_RELATED_PRODUCT_CATEGORY('EPD case v4','EPD case v4',(#3714));
#3711=APPLICATION_PROTOCOL_DEFINITION('international standard',
'automotive_design',2009,#3712);
#3712=APPLICATION_CONTEXT(
'Core Data for Automotive Mechanical Design Process');
#3713=PRODUCT_CONTEXT('part definition',#3712,'mechanical');
#3714=PRODUCT('EPD case','EPD case v4',$,(#3713));
#3715=PRESENTATION_STYLE_ASSIGNMENT((#3716));
#3716=SURFACE_STYLE_USAGE(.BOTH.,#3717);
#3717=SURFACE_SIDE_STYLE('',(#3718));
#3718=SURFACE_STYLE_FILL_AREA(#3719);
#3719=FILL_AREA_STYLE('ABS (White)',(#3720));
#3720=FILL_AREA_STYLE_COLOUR('ABS (White)',#3721);
#3721=COLOUR_RGB('ABS (White)',0.964705882352941,0.964705882352941,0.952941176470588);
ENDSEC;
END-ISO-10303-21;
